Job ID,Job URL,Job Title,Status,Timestamp,Page,Job Number
5b703f80863f9d82,https://www.myjobmag.com/job/electrical-fitter-benin-electricity-distribution-plc-bedc,Electrical Fitter,posted|wp_id=81038|https://nigeria.mimusjobs.com/job/electrical-fitter/,2026-09-22T08:24:27.458494,2001,1
d936b3b1dd59e9f8,https://www.myjobmag.com/job/cable-jointer-benin-electricity-distribution-plc-bedc,Cable Jointer,posted|wp_id=81042|https://nigeria.mimusjobs.com/job/cable-jointer/,2026-09-22T08:24:30.548228,2001,1
239840335b81ae00,https://www.myjobmag.com/job/protection-control-and-metering-pc-m-engineer-benin-electricity-distribution-plc-bedc,"Protection, Control and Metering (PC&M) Engineer",posted|wp_id=81045|https://nigeria.mimusjobs.com/job/protection-control-and-metering-pcm-engineer/,2026-09-22T08:24:33.527890,2001,1
ed9d5010bb32d2b1,https://www.myjobmag.com/job/solar-installer-intern-vgl-energy-and-power-technology-1,Solar Installer (Intern),posted|wp_id=81050|https://nigeria.mimusjobs.com/job/solar-installer-intern/,2026-09-22T08:24:41.676676,2001,2
20b7276ca2481a98,https://www.myjobmag.com/job/senior-dotnet-developer-software-business-solutions-consulting-4,Senior Dotnet Developer,posted|wp_id=81053|https://nigeria.mimusjobs.com/job/senior-dotnet-developer/,2026-09-22T08:24:47.129454,2001,3
a80b3620b574d92c,https://www.myjobmag.com/job/laboratory-scientist-abuja-clinics-3,Laboratory Scientist,posted|wp_id=42345|https://nigeria.mimusjobs.com/job/laboratory-scientist/,2026-09-22T08:24:50.611046,2001,4
16c39101939eb102,https://www.myjobmag.com/job/social-media-manager-whoosh-logistics-nigeria,Social Media Manager,posted|wp_id=4985|https://nigeria.mimusjobs.com/job/social-media-manager/,2026-09-22T08:24:56.216011,2001,5
1c597b4717898e2f,https://www.myjobmag.com/job/field-assistant-malaria-consortium-12,Field Assistant,posted|wp_id=78598|https://nigeria.mimusjobs.com/job/field-assistant/,2026-09-22T08:24:59.804460,2001,6
27e48776bcbe9a55,https://www.myjobmag.com/job/finance-assistant-nasarawa-malaria-consortium-4,Finance Assistant - Nasarawa,posted|wp_id=81057|https://nigeria.mimusjobs.com/job/finance-assistant-nasarawa/,2026-09-22T08:25:05.014092,2001,6
5272ef11c86a2521,https://www.myjobmag.com/job/finance-assistant-oyo-malaria-consortium,Finance Assistant - Oyo,posted|wp_id=81059|https://nigeria.mimusjobs.com/job/finance-assistant-oyo/,2026-09-22T08:25:09.622738,2001,6
05162555be1b691d,https://www.myjobmag.com/job/engineering-manager-olam-agri-7,Engineering Manager,posted|wp_id=26849|https://nigeria.mimusjobs.com/job/engineering-manager/,2026-09-22T08:25:13.329482,2001,7
85cfff5fbe276a7a,https://www.myjobmag.com/job/field-operator-iii-abnl-limited-3,Field Operator III,posted|wp_id=77091|https://nigeria.mimusjobs.com/job/field-operator-iii/,2026-09-22T08:25:17.117514,2001,8
158aa4321808f1df,https://www.myjobmag.com/job/finance-accounts-manager-ken-next-ventures-nigeria-limited,Finance/Accounts Manager,posted|wp_id=46927|https://nigeria.mimusjobs.com/job/finance-accounts-manager/,2026-09-22T08:25:22.618600,2001,9
e4c2f74072a78ad9,https://www.myjobmag.com/job/tomato-breeding-expert-emmix-global-limited,Tomato Breeding Expert,posted|wp_id=81069|https://nigeria.mimusjobs.com/job/tomato-breeding-expert/,2026-09-22T08:25:29.273522,2001,10
c59644c9b02f4eed,https://www.myjobmag.com/job/admin-officer-cedarcrest-hospitals-2,Admin Officer,posted|wp_id=4747|https://nigeria.mimusjobs.com/job/admin-officer/,2026-09-22T08:25:33.024025,2001,11
eb7522bab785661d,https://www.myjobmag.com/job/junior-accountant-rovingheights,Junior Accountant,posted|wp_id=2451|https://nigeria.mimusjobs.com/job/junior-accountant/,2026-09-22T08:25:36.624444,2001,12
9f045638a7166135,https://www.myjobmag.com/job/health-assistant-castville-solutions,Health Assistant,posted|wp_id=71792|https://nigeria.mimusjobs.com/job/health-assistant/,2026-09-22T08:25:40.023033,2001,13
54bceffcc0c4e6f2,https://www.myjobmag.com/job/front-desk-staff-castville-solutions,Front Desk Staff,posted|wp_id=53457|https://nigeria.mimusjobs.com/job/front-desk-staff/,2026-09-22T08:25:41.418962,2001,13
ed6fae390b51ef74,https://www.myjobmag.com/job/cx-researcher-moniepoint,CX Researcher,posted|wp_id=81073|https://nigeria.mimusjobs.com/job/cx-researcher/,2026-09-22T08:25:46.822895,2001,14
6c9d4c045ff3be27,https://www.myjobmag.com/job/administrative-officer-port-harcourt-moniepoint-1,Administrative Officer (Port Harcourt),posted|wp_id=81076|https://nigeria.mimusjobs.com/job/administrative-officer-port-harcourt/,2026-09-22T08:25:50.856904,2001,14
831672b2f022d62a,https://www.myjobmag.com/job/business-development-manager-iyewo-healthcare-limited,Business Development Manager,posted|wp_id=11687|https://nigeria.mimusjobs.com/job/business-development-manager/,2026-09-22T08:25:56.420269,2001,15
32908f836e1f8062,https://www.myjobmag.com/job/ecommerce-manager-colala-logistics-nigeria-limited,Ecommerce Manager,posted|wp_id=40807|https://nigeria.mimusjobs.com/job/ecommerce-manager/,2026-09-22T08:26:02.577750,2001,16
e25b7d0096fb83f3,https://www.myjobmag.com/job/manager-online-travel-agency-alml-group,Manager - Online Travel Agency,posted|wp_id=81088|https://nigeria.mimusjobs.com/job/manager-online-travel-agency/,2026-09-22T08:26:10.101057,2001,17
f348a7c1111d5d43,https://www.myjobmag.com/job/enterprise-account-executive-curacel,Enterprise Account Executive,posted|wp_id=81096|https://nigeria.mimusjobs.com/job/enterprise-account-executive/,2026-09-22T08:26:17.996435,2001,18
04bf96880d6c4119,https://www.myjobmag.com/job/operations-manager-kaplo-africa-1,Operations Manager,posted|wp_id=20928|https://nigeria.mimusjobs.com/job/operations-manager/,2026-09-22T08:26:21.641066,2001,19
6c46531bf09cc37f,https://www.myjobmag.com/job/duty-manager-lington-amp-bernie-consulting-limited,Duty Manager,posted|wp_id=21899|https://nigeria.mimusjobs.com/job/duty-manager/,2026-09-22T08:26:25.154854,2001,20
06bc03e2b604b76b,https://www.myjobmag.com/job/hotel-manager-lington-amp-bernie-consulting-limited-1,Hotel Manager,posted|wp_id=25414|https://nigeria.mimusjobs.com/job/hotel-manager/,2026-09-22T08:26:26.614892,2001,20
354f4f6e882f256b,https://www.myjobmag.com/job/field-operator-iii-amaiden-energy-nigeria-12,Field Operator III,posted|wp_id=77091|https://nigeria.mimusjobs.com/job/field-operator-iii/,2026-09-22T08:26:30.107772,2001,21
9a6529d8a7933cf9,https://www.myjobmag.com/job/controller-inventory-spares-dp-world-1,"Controller, Inventory (Spares)",posted|wp_id=53210|https://nigeria.mimusjobs.com/job/controller-inventory-spares/,2026-09-22T08:26:33.685346,2001,22
ac983da0bac55abe,https://www.myjobmag.com/job/ga-field-supervisor-smollan-12,GA Field Supervisor,posted|wp_id=25448|https://nigeria.mimusjobs.com/job/ga-field-supervisor/,2026-09-22T08:26:37.193690,2001,23
7aa95efd86ff8ce1,https://www.myjobmag.com/job/virtual-assistant-raphael-group-5,Virtual Assistant,posted|wp_id=76146|https://nigeria.mimusjobs.com/job/virtual-assistant/,2026-09-22T08:26:40.610700,2001,24
61e8c61913892329,https://www.myjobmag.com/job/transportation-operations-officer-westfield-consulting,Transportation / Operations Officer,posted|wp_id=81105|https://nigeria.mimusjobs.com/job/transportation-operations-officer/,2026-09-22T08:26:46.303906,2001,25
9665549164dffdd8,https://www.myjobmag.com/job/oracle-hcm-specialist-sahara-group,Oracle HCM Specialist,posted|wp_id=81109|https://nigeria.mimusjobs.com/job/oracle-hcm-specialist/,2026-09-22T08:26:51.795943,2001,26
dce4539b848d3c15,https://www.myjobmag.com/job/sales-executive-mozyk-ventures-limited-2,Sales Executive,posted|wp_id=245|https://nigeria.mimusjobs.com/job/sales-executive/,2026-09-22T08:26:57.275389,2001,27
b868b0c2675d2930,https://www.myjobmag.com/job/treasury-manager-bridgemead-consulting,Treasury Manager,posted|wp_id=22500|https://nigeria.mimusjobs.com/job/treasury-manager/,2026-09-22T08:27:01.110193,2001,28
7322e8313cc4abd4,https://www.myjobmag.com/job/senior-executive-admin-liaison-infinity-tyres-limited,"Senior Executive, Admin & Liaison",posted|wp_id=81116|https://nigeria.mimusjobs.com/job/senior-executive-admin-liaison/,2026-09-22T08:27:08.173600,2001,29
fb6b7f92b69b3170,https://www.myjobmag.com/job/lubricant-sales-executive-infinity-tyres-limited-1,Lubricant Sales Executive- Walk In Drive,posted|wp_id=81119|https://nigeria.mimusjobs.com/job/lubricant-sales-executive-walk-in-drive/,2026-09-22T08:27:11.627346,2001,29
8523d0f6b2b63e67,https://www.myjobmag.com/job/sous-chef-eden-life-inc,Sous Chef,posted|wp_id=34477|https://nigeria.mimusjobs.com/job/sous-chef/,2026-09-22T08:27:16.855574,2001,30
49468a1d496f08dc,https://www.myjobmag.com/job/plant-operator-machine-technician-federal-polytechnic-ndogo-isouchi,Plant Operator / Machine Technician,posted|wp_id=81125|https://nigeria.mimusjobs.com/job/plant-operator-machine-technician/,2026-09-22T08:27:25.895433,2001,31
1bfdd6b139698bc0,https://www.myjobmag.com/job/foundry-technician-federal-polytechnic-ndogo-isouchi,Foundry Technician,posted|wp_id=81129|https://nigeria.mimusjobs.com/job/foundry-technician/,2026-09-22T08:27:29.585070,2001,31
bc03788e7d797e32,https://www.myjobmag.com/job/senior-accountant-federal-polytechnic-ndogo-isouchi,Senior Accountant,posted|wp_id=3908|https://nigeria.mimusjobs.com/job/senior-accountant/,2026-09-22T08:27:31.026276,2001,31
d9cc772fd17d4584,https://www.myjobmag.com/job/accountant-i-federal-polytechnic-ndogo-isouchi,Accountant I,posted|wp_id=48198|https://nigeria.mimusjobs.com/job/accountant-i/,2026-09-22T08:27:32.559477,2001,31
081a393c20de6b44,https://www.myjobmag.com/job/chief-accountant-federal-polytechnic-ndogo-isouchi,Chief Accountant,posted|wp_id=42936|https://nigeria.mimusjobs.com/job/chief-accountant/,2026-09-22T08:27:33.962030,2001,31
4b63ea13c918635f,https://www.myjobmag.com/job/accountant-ii-auditor-ii-federal-polytechnic-ndogo-isouchi,Accountant II / Auditor II,posted|wp_id=81134|https://nigeria.mimusjobs.com/job/accountant-ii-auditor-ii/,2026-09-22T08:27:37.032217,2001,31
9d4b73c2faebd80f,https://www.myjobmag.com/job/higher-executive-officer-accounts-federal-polytechnic-ndogo-isouchi,Higher Executive Officer (Accounts),posted|wp_id=81137|https://nigeria.mimusjobs.com/job/higher-executive-officer-accounts/,2026-09-22T08:27:40.103990,2001,31
4759397ac7aadac3,https://www.myjobmag.com/job/assistant-executive-officer-accounts-federal-polytechnic-ndogo-isouchi,Assistant Executive Officer (Accounts),posted|wp_id=81139|https://nigeria.mimusjobs.com/job/assistant-executive-officer-accounts/,2026-09-22T08:27:43.236809,2001,31
5ecb299633ea0105,https://www.myjobmag.com/job/deputy-registrar-federal-polytechnic-ndogo-isouchi,Deputy Registrar,posted|wp_id=50202|https://nigeria.mimusjobs.com/job/deputy-registrar/,2026-09-22T08:27:44.628128,2001,31
bb97b8b14b9cd26c,https://www.myjobmag.com/job/principal-assistant-registrar-federal-polytechnic-ndogo-isouchi,Principal Assistant Registrar,posted|wp_id=59598|https://nigeria.mimusjobs.com/job/principal-assistant-registrar/,2026-09-22T08:27:46.023853,2001,31
cd235f6fa54bb587,https://www.myjobmag.com/job/senior-assistant-registrar-federal-polytechnic-ndogo-isouchi,Senior Assistant Registrar,posted|wp_id=57102|https://nigeria.mimusjobs.com/job/senior-assistant-registrar/,2026-09-22T08:27:47.422671,2001,31
5884b67c09bf56d8,https://www.myjobmag.com/job/pharmacist-federal-polytechnic-ndogo-isouchi,Pharmacist,posted|wp_id=6855|https://nigeria.mimusjobs.com/job/pharmacist/,2026-09-22T08:27:48.771207,2001,31
5844f2a945a410e0,https://www.myjobmag.com/job/assistant-data-processing-officer-federal-polytechnic-ndogo-isouchi,Assistant Data Processing Officer,posted|wp_id=81141|https://nigeria.mimusjobs.com/job/assistant-data-processing-officer/,2026-09-22T08:27:51.680189,2001,31
07d402d6503901c3,https://www.myjobmag.com/job/data-processing-officer-system-analyst-federal-polytechnic-ndogo-isouchi,Data Processing Officer / System Analyst,posted|wp_id=81143|https://nigeria.mimusjobs.com/job/data-processing-officer-system-analyst/,2026-09-22T08:27:54.567928,2001,31
4def8e3593f8253e,https://www.myjobmag.com/job/confidential-secretary-iii-federal-polytechnic-ndogo-isouchi,Confidential Secretary III,posted|wp_id=54165|https://nigeria.mimusjobs.com/job/confidential-secretary-iii/,2026-09-22T08:27:55.877680,2001,31
6d005b64cc60f794,https://www.myjobmag.com/job/confidential-secretary-ii-federal-polytechnic-ndogo-isouchi,Confidential Secretary II,posted|wp_id=43272|https://nigeria.mimusjobs.com/job/confidential-secretary-ii/,2026-09-22T08:27:57.316335,2001,31
c6ba340450e3e7e0,https://www.myjobmag.com/job/confidential-secretary-i-federal-polytechnic-ndogo-isouchi,Confidential Secretary I,posted|wp_id=50205|https://nigeria.mimusjobs.com/job/confidential-secretary-i/,2026-09-22T08:27:58.626352,2001,31
85536583c82e19fb,https://www.myjobmag.com/job/public-relations-officer-federal-polytechnic-ndogo-isouchi,Public Relations Officer,posted|wp_id=18187|https://nigeria.mimusjobs.com/job/public-relations-officer/,2026-09-22T08:28:00.065620,2001,31
8d79ae594998f40e,https://www.myjobmag.com/job/clerical-assistant-federal-polytechnic-ndogo-isouchi,Clerical Assistant,posted|wp_id=81147|https://nigeria.mimusjobs.com/job/clerical-assistant/,2026-09-22T08:28:03.816205,2001,31
0c06f3cde3aa530d,https://www.myjobmag.com/job/senior-clerical-officer-federal-polytechnic-ndogo-isouchi,Senior Clerical Officer,posted|wp_id=81151|https://nigeria.mimusjobs.com/job/senior-clerical-officer/,2026-09-22T08:28:07.105003,2001,31
6a8a5b02030d0574,https://www.myjobmag.com/job/senior-legal-officer-federal-polytechnic-ndogo-isouchi,Senior Legal Officer,posted|wp_id=18655|https://nigeria.mimusjobs.com/job/senior-legal-officer/,2026-09-22T08:28:08.509220,2001,31
0f588672a2eb5d45,https://www.myjobmag.com/job/legal-officer-federal-polytechnic-ndogo-isouchi,Legal Officer,posted|wp_id=5787|https://nigeria.mimusjobs.com/job/legal-officer/,2026-09-22T08:28:09.921376,2001,31
6b2f045cfe98822e,https://www.myjobmag.com/job/senior-procurement-officer-federal-polytechnic-ndogo-isouchi,Senior Procurement Officer,posted|wp_id=68261|https://nigeria.mimusjobs.com/job/senior-procurement-officer/,2026-09-22T08:28:11.298888,2001,31
cf26444a5f06483a,https://www.myjobmag.com/job/assistant-store-officer-federal-polytechnic-ndogo-isouchi,Assistant Store Officer,posted|wp_id=81155|https://nigeria.mimusjobs.com/job/assistant-store-officer/,2026-09-22T08:28:14.519596,2001,31
202cfef4fb84efee,https://www.myjobmag.com/job/assistant-chief-instructor-mechanical-engineering-technology-federal-polytechnic-ndogo-isouchi,Assistant Chief Instructor (Mechanical Engineering Technology),posted|wp_id=81159|https://nigeria.mimusjobs.com/job/assistant-chief-instructor-mechanical-engineering-technology/,2026-09-22T08:28:17.785639,2001,31
106ae2ce181ee2bc,https://www.myjobmag.com/job/technologist-i-animal-production-and-veterinary-science-federal-polytechnic-ndogo-isouchi,Technologist I - Animal Production and Veterinary Science,posted|wp_id=81161|https://nigeria.mimusjobs.com/job/technologist-i-animal-production-and-veterinary-science/,2026-09-22T08:28:21.001050,2001,31
c7604c4056265737,https://www.myjobmag.com/job/technologist-i-computer-science-federal-polytechnic-ndogo-isouchi,Technologist I - Computer Science,posted|wp_id=80673|https://nigeria.mimusjobs.com/job/technologist-i-computer-science/,2026-09-22T08:28:22.611798,2001,31
b63495c173e8c444,https://www.myjobmag.com/job/technologist-i-public-health-federal-polytechnic-ndogo-isouchi,Technologist I - Public Health,posted|wp_id=80681|https://nigeria.mimusjobs.com/job/technologist-i-public-health/,2026-09-22T08:28:24.185202,2001,31
735cb3aa299a62d0,https://www.myjobmag.com/job/senior-technologist-civil-engineering-technology-federal-polytechnic-ndogo-isouchi,Senior Technologist - Civil Engineering Technology,posted|wp_id=81165|https://nigeria.mimusjobs.com/job/senior-technologist-civil-engineering-technology/,2026-09-22T08:28:27.903705,2001,31
c42b356225bca48c,https://www.myjobmag.com/job/senior-technologist-computer-engineering-technology-federal-polytechnic-ndogo-isouchi,Senior Technologist - Computer Engineering Technology,posted|wp_id=81167|https://nigeria.mimusjobs.com/job/senior-technologist-computer-engineering-technology/,2026-09-22T08:28:31.396755,2001,31
6b9c2445647d5c6e,https://www.myjobmag.com/job/senior-technologist-building-technology-federal-polytechnic-ndogo-isouchi,Senior Technologist - Building Technology,posted|wp_id=81171|https://nigeria.mimusjobs.com/job/senior-technologist-building-technology/,2026-09-22T08:28:34.676374,2001,31
43901ce11c26139a,https://www.myjobmag.com/job/senior-technologist-computer-engineering-technology-federal-polytechnic-ndogo-isouchi-1,Senior Technologist - Computer Engineering Technology,posted|wp_id=81167|https://nigeria.mimusjobs.com/job/senior-technologist-computer-engineering-technology/,2026-09-22T08:28:36.034541,2001,31
e9e3c67b9d85ec23,https://www.myjobmag.com/job/senior-technologist-building-technology-federal-polytechnic-ndogo-isouchi-1,Senior Technologist - Building Technology,posted|wp_id=81171|https://nigeria.mimusjobs.com/job/senior-technologist-building-technology/,2026-09-22T08:28:37.394260,2001,31
58382c6811592a87,https://www.myjobmag.com/job/senior-technologist-public-health-federal-polytechnic-ndogo-isouchi,Senior Technologist - Public Health,posted|wp_id=81175|https://nigeria.mimusjobs.com/job/senior-technologist-public-health/,2026-09-22T08:28:40.535879,2001,31
7210696a870171eb,https://www.myjobmag.com/job/principal-lecturer-statistics-federal-polytechnic-ndogo-isouchi,Principal Lecturer (Statistics),posted|wp_id=81179|https://nigeria.mimusjobs.com/job/principal-lecturer-statistics/,2026-09-22T08:28:43.728689,2001,31
d5c131e1415e7406,https://www.myjobmag.com/job/principal-lecturer-animal-production-and-veterinary-science-federal-polytechnic-ndogo-isouchi,Principal Lecturer (Animal Production and Veterinary Science),posted|wp_id=81183|https://nigeria.mimusjobs.com/job/principal-lecturer-animal-production-and-veterinary-science/,2026-09-22T08:28:46.718072,2001,31
8ff1373615aed597,https://www.myjobmag.com/job/principal-lecturer-business-administration-and-management-federal-polytechnic-ndogo-isouchi,Principal Lecturer (Business Administration and Management),posted|wp_id=81185|https://nigeria.mimusjobs.com/job/principal-lecturer-business-administration-and-management/,2026-09-22T08:28:49.708323,2001,31
6ed137c018c2eee6,https://www.myjobmag.com/job/principal-lecturer-public-administration-federal-polytechnic-ndogo-isouchi,Principal Lecturer (Public Administration),posted|wp_id=81189|https://nigeria.mimusjobs.com/job/principal-lecturer-public-administration/,2026-09-22T08:28:52.869218,2001,31
5a45c9b3c668c5cb,https://www.myjobmag.com/job/higher-instructor-public-health-federal-polytechnic-ndogo-isouchi,Higher Instructor (Public Health),posted|wp_id=81193|https://nigeria.mimusjobs.com/job/higher-instructor-public-health/,2026-09-22T08:28:55.952854,2001,31
4d368b5432d90297,https://www.myjobmag.com/job/principal-instructor-ii-computer-engineering-technology-federal-polytechnic-ndogo-isouchi,Principal Instructor II (Computer Engineering Technology),posted|wp_id=81197|https://nigeria.mimusjobs.com/job/principal-instructor-ii-computer-engineering-technology/,2026-09-22T08:28:59.031484,2001,31
68016ca220c8b235,https://www.myjobmag.com/job/principal-instructor-ii-electrical-electronic-engineering-technology-federal-polytechnic-ndogo-isouchi,Principal Instructor II (Electrical / Electronic Engineering Technology),posted|wp_id=81199|https://nigeria.mimusjobs.com/job/principal-instructor-ii-electrical-electronic-engineering-technology/,2026-09-22T08:29:02.292990,2001,31
6aa130b059d11a37,https://www.myjobmag.com/job/lecturer-iii-public-administration-federal-polytechnic-ndogo-isouchi,Lecturer III (Public Administration),posted|wp_id=81201|https://nigeria.mimusjobs.com/job/lecturer-iii-public-administration/,2026-09-22T08:29:05.639752,2001,31
3add0040a4f1c204,https://www.myjobmag.com/job/lecturer-iii-psychology-federal-polytechnic-ndogo-isouchi,Lecturer III (Psychology),posted|wp_id=81203|https://nigeria.mimusjobs.com/job/lecturer-iii-psychology/,2026-09-22T08:29:08.626777,2001,31
071ac7604553709d,https://www.myjobmag.com/job/lecturer-iii-law-federal-polytechnic-ndogo-isouchi,Lecturer III (Law),posted|wp_id=81205|https://nigeria.mimusjobs.com/job/lecturer-iii-law/,2026-09-22T08:29:11.836527,2001,31
b2fcf54e54543ad5,https://www.myjobmag.com/job/lecturer-iii-english-language-federal-polytechnic-ndogo-isouchi,Lecturer III (English Language),posted|wp_id=55426|https://nigeria.mimusjobs.com/job/lecturer-iii-english-language/,2026-09-22T08:29:13.390980,2001,31
66c5e55201019387,https://www.myjobmag.com/job/lecturer-iii-office-technology-and-management-federal-polytechnic-ndogo-isouchi,Lecturer III (Office Technology and Management),posted|wp_id=81207|https://nigeria.mimusjobs.com/job/lecturer-iii-office-technology-and-management/,2026-09-22T08:29:16.486496,2001,31
d5619c30b193e924,https://www.myjobmag.com/job/lecturer-iii-computer-engineering-technology-federal-polytechnic-ndogo-isouchi,Lecturer III (Computer Engineering Technology),posted|wp_id=81209|https://nigeria.mimusjobs.com/job/lecturer-iii-computer-engineering-technology/,2026-09-22T08:29:19.684022,2001,31
0f0e91a9cf8853e0,https://www.myjobmag.com/job/lecturer-iii-building-technology-federal-polytechnic-ndogo-isouchi,Lecturer III (Building Technology),posted|wp_id=81211|https://nigeria.mimusjobs.com/job/lecturer-iii-building-technology/,2026-09-22T08:29:22.796655,2001,31
097b0cd03e3fdc0c,https://www.myjobmag.com/job/lecturer-iii-computer-science-federal-polytechnic-ndogo-isouchi,Lecturer III (Computer Science),posted|wp_id=50442|https://nigeria.mimusjobs.com/job/lecturer-iii-computer-science/,2026-09-22T08:29:24.197510,2001,31
cc5fec9d91324e75,https://www.myjobmag.com/job/lecturer-iii-animal-production-and-veterinary-science-federal-polytechnic-ndogo-isouchi,Lecturer III (Animal Production and Veterinary Science),posted|wp_id=81213|https://nigeria.mimusjobs.com/job/lecturer-iii-animal-production-and-veterinary-science/,2026-09-22T08:29:27.326612,2001,31
f5319e6a729a64a1,https://www.myjobmag.com/job/lecturer-iii-mechanical-engineering-technology-federal-polytechnic-ndogo-isouchi,Lecturer III (Mechanical Engineering Technology),posted|wp_id=81215|https://nigeria.mimusjobs.com/job/lecturer-iii-mechanical-engineering-technology/,2026-09-22T08:29:30.412859,2001,31
7ca5b6523027a7a1,https://www.myjobmag.com/job/lecturer-iii-civil-engineering-technology-federal-polytechnic-ndogo-isouchi,Lecturer III (Civil Engineering Technology),posted|wp_id=81217|https://nigeria.mimusjobs.com/job/lecturer-iii-civil-engineering-technology/,2026-09-22T08:29:33.673247,2001,31
5e212b0a87b099d6,https://www.myjobmag.com/job/lecturer-iii-public-health-federal-polytechnic-ndogo-isouchi,Lecturer III (Public Health),posted|wp_id=81219|https://nigeria.mimusjobs.com/job/lecturer-iii-public-health/,2026-09-22T08:29:37.073854,2001,31
3819f76c2bd6d2e8,https://www.myjobmag.com/job/business-operations-manager-teamace-limited-1,Business Operations Manager,posted|wp_id=23247|https://nigeria.mimusjobs.com/job/business-operations-manager/,2026-09-22T08:29:41.095601,2001,32
284baf8d8d189f0b,https://www.myjobmag.com/job/business-intelligence-designer-promasidor,Business Intelligence Designer,posted|wp_id=81223|https://nigeria.mimusjobs.com/job/business-intelligence-designer/,2026-09-22T08:29:46.624455,2001,33
43d5db37371efff4,https://www.myjobmag.com/job/business-development-manager-biz-afric-solutions-3,Business Development Manager,posted|wp_id=11687|https://nigeria.mimusjobs.com/job/business-development-manager/,2026-09-22T08:29:50.545586,2001,34
b0c68a5860643182,https://www.myjobmag.com/job/poultry-farm-attendant-agroeb-farms,Poultry Farm Attendant,posted|wp_id=23336|https://nigeria.mimusjobs.com/job/poultry-farm-attendant/,2026-09-22T08:29:53.799135,2001,35
391a84598e51e7af,https://www.myjobmag.com/job/digital-marketing-designer-aero-recon-productions,Digital Marketing Designer,posted|wp_id=81231|https://nigeria.mimusjobs.com/job/digital-marketing-designer/,2026-09-22T08:30:04.754519,2002,3
89d5be83fffb4672,https://www.myjobmag.com/job/senior-hydraulic-engineer-unops-2,Senior Hydraulic Engineer,posted|wp_id=81235|https://nigeria.mimusjobs.com/job/senior-hydraulic-engineer/,2026-09-22T08:30:11.651756,2002,4
50997b396b3f39f1,https://www.myjobmag.com/job/senior-geotechnical-engineer-unops-2,Senior Geotechnical Engineer,posted|wp_id=81237|https://nigeria.mimusjobs.com/job/senior-geotechnical-engineer/,2026-09-22T08:30:15.459833,2002,4
d934ac55e49c71ad,https://www.myjobmag.com/job/technical-advisor-environmental-facilitator-unops-1,Technical Advisor - Environmental (Facilitator),posted|wp_id=81241|https://nigeria.mimusjobs.com/job/technical-advisor-environmental-facilitator/,2026-09-22T08:30:18.739366,2002,4
0d7d32686406fb32,https://www.myjobmag.com/job/graphics-designer-social-media-officer-venmac-resources-limited,Graphics Designer/Social Media Officer,posted|wp_id=81245|https://nigeria.mimusjobs.com/job/graphics-designer-social-media-officer/,2026-09-22T08:30:24.195322,2002,5
d889e7af16078f1d,https://www.myjobmag.com/job/business-development-executive-ascentech-services-limited-14,Business Development Executive-Anambra,posted|wp_id=81249|https://nigeria.mimusjobs.com/job/business-development-executive-anambra/,2026-09-22T08:30:30.624566,2002,6
bd7a5657f5beaf02,https://www.myjobmag.com/job/store-incharge-mechanical-ascentech-services-limited,Store Incharge (Mechanical),posted|wp_id=81255|https://nigeria.mimusjobs.com/job/store-incharge-mechanical/,2026-09-22T08:30:34.903829,2002,6
e6c7a199bf23468c,https://www.myjobmag.com/job/commercial-sales-executive-ascentech-services-limited-4,Commercial Sales Executive,posted|wp_id=33488|https://nigeria.mimusjobs.com/job/commercial-sales-executive/,2026-09-22T08:30:36.312617,2002,6
911ee554f6a90aa5,https://www.myjobmag.com/job/supply-chain-executive-shipping-and-compliance-ascentech-services-limited,Supply Chain Executive - Shipping and Compliance,posted|wp_id=81259|https://nigeria.mimusjobs.com/job/supply-chain-executive-shipping-and-compliance/,2026-09-22T08:30:39.861253,2002,6
1edde8b15da7af78,https://www.myjobmag.com/job/hmo-billing-officer-shalina-healthcare,HMO Billing Officer,posted|wp_id=81263|https://nigeria.mimusjobs.com/job/hmo-billing-officer/,2026-09-22T08:30:45.850278,2002,7
9120d91a8538e66b,https://www.myjobmag.com/job/accountant-owens-and-xley-28,Accountant,posted|wp_id=463|https://nigeria.mimusjobs.com/job/accountant/,2026-09-22T08:30:49.424122,2002,8
93e14a9b0b67dfe0,https://www.myjobmag.com/job/retail-sales-associate-owens-and-xley-14,Retail Sales Associate,posted|wp_id=30366|https://nigeria.mimusjobs.com/job/retail-sales-associate/,2026-09-22T08:30:50.887885,2002,8
cf67bd45d2ab161c,https://www.myjobmag.com/job/content-creator-owens-and-xley-10,Content Creator,posted|wp_id=1841|https://nigeria.mimusjobs.com/job/content-creator/,2026-09-22T08:30:52.328980,2002,8
07608bddc50123c6,https://www.myjobmag.com/job/sales-supervisor-owens-and-xley-2,Sales Supervisor,posted|wp_id=3678|https://nigeria.mimusjobs.com/job/sales-supervisor/,2026-09-22T08:30:53.755264,2002,8
84ebf7f1070d56e8,https://www.myjobmag.com/job/marketing-strategist-owens-and-xley-2,Marketing Strategist,posted|wp_id=67636|https://nigeria.mimusjobs.com/job/marketing-strategist/,2026-09-22T08:30:55.051592,2002,8
a1f16ff510af9fbd,https://www.myjobmag.com/job/quality-control-officer-owens-and-xley-2,Quality Control Officer,posted|wp_id=9434|https://nigeria.mimusjobs.com/job/quality-control-officer/,2026-09-22T08:30:56.375179,2002,8
f16dc4f2a0b43939,https://www.myjobmag.com/job/data-center-maintenance-engineer-mactay-consulting,Data Center Maintenance Engineer,posted|wp_id=81276|https://nigeria.mimusjobs.com/job/data-center-maintenance-engineer/,2026-09-22T08:31:02.068024,2002,9
00bd70cdcf9548f2,https://www.myjobmag.com/job/executive-assistant-hr-aid-6,Executive Assistant,posted|wp_id=2569|https://nigeria.mimusjobs.com/job/executive-assistant/,2026-09-22T08:31:05.398501,2002,10
eae42072f72a9117,https://www.myjobmag.com/job/finance-manager-e-clinic-diagnostic,Finance Manager,posted|wp_id=20978|https://nigeria.mimusjobs.com/job/finance-manager/,2026-09-22T08:31:08.998999,2002,11
20e48165016cf480,https://www.myjobmag.com/job/electromechanical-technician-noble-eagle-industries-limited,Electromechanical Technician,posted|wp_id=81287|https://nigeria.mimusjobs.com/job/electromechanical-technician/,2026-09-22T08:31:14.924592,2002,12
805cf280b4da3f13,https://www.myjobmag.com/job/electrical-lead-noble-eagle-industries-limited,Electrical Lead,posted|wp_id=67230|https://nigeria.mimusjobs.com/job/electrical-lead/,2026-09-22T08:31:16.331923,2002,12
ed135495e1cb724d,https://www.myjobmag.com/job/fleet-engagement-officer-1pl-3pl-logistics-movam,Fleet Engagement Officer (1PL & 3PL) – Logistics,posted|wp_id=81297|https://nigeria.mimusjobs.com/job/fleet-engagement-officer-1pl-3pl-logistics/,2026-09-22T08:31:24.404790,2002,13
4c6d35258c3b215d,https://www.myjobmag.com/job/cluster-manager-enterprise-redcloud-technology,"Cluster Manager, Enterprise-Kano, Kaduna",posted|wp_id=81303|https://nigeria.mimusjobs.com/job/cluster-manager-enterprise-kano-kaduna/,2026-09-22T08:31:30.801948,2002,14
b1503b22f3864c52,https://www.myjobmag.com/job/cluster-manager-enterprise-abuja-redcloud-technology,"Cluster Manager, Enterprise (Abuja)",posted|wp_id=81307|https://nigeria.mimusjobs.com/job/cluster-manager-enterprise-abuja/,2026-09-22T08:31:33.988229,2002,14
508a684cf9dc11fc,https://www.myjobmag.com/job/cluster-manager-enterprise-rivers-redcloud-technology,"Cluster Manager, Enterprise (Rivers)",posted|wp_id=81311|https://nigeria.mimusjobs.com/job/cluster-manager-enterprise-rivers/,2026-09-22T08:31:37.105897,2002,14
cb61a58417d541e9,https://www.myjobmag.com/job/cluster-manager-enterprise-anambra-benin-and-abia-redcloud-technology,"Cluster Manager, Enterprise (Anambra, Benin and Abia)",posted|wp_id=81316|https://nigeria.mimusjobs.com/job/cluster-manager-enterprise-anambra-benin-and-abia/,2026-09-22T08:31:41.682297,2002,14
c7d559bf2c25ce4e,https://www.myjobmag.com/job/assistant-technical-superintendent-matrix-energy-group-1,Assistant Technical Superintendent,posted|wp_id=81325|https://nigeria.mimusjobs.com/job/assistant-technical-superintendent/,2026-09-22T08:31:47.768044,2002,15
136f7c5cd289dc52,https://www.myjobmag.com/job/operations-analyst-graduate-level-the-place-bar-and-club-2,Operations Analyst - Graduate Level,posted|wp_id=81331|https://nigeria.mimusjobs.com/job/operations-analyst-graduate-level/,2026-09-22T08:31:53.313346,2002,16
31acaf09d35e6124,https://www.myjobmag.com/job/associate-africa-program-rocky-mountain-institute,"Associate, Africa Program",posted|wp_id=81339|https://nigeria.mimusjobs.com/job/associate-africa-program/,2026-09-22T08:32:01.047831,2002,17
c9e999a103537948,https://www.myjobmag.com/job/regional-technical-senior-specialist-livelihoods-fews-net-chemonics-international,Regional Technical Senior Specialist - Livelihoods (FEWS NET),posted|wp_id=81345|https://nigeria.mimusjobs.com/job/regional-technical-senior-specialist-livelihoods-fews-net/,2026-09-22T08:32:07.077202,2002,18
a1bd6a39ebb2a3d7,https://www.myjobmag.com/job/head-enterprise-sales-engineer-swift-networks,"Head, Enterprise Sales Engineer",posted|wp_id=81349|https://nigeria.mimusjobs.com/job/head-enterprise-sales-engineer/,2026-09-22T08:32:12.611321,2002,19
e6f97e4f1b9465ce,https://www.myjobmag.com/job/chef-vestates-limited,Chef,posted|wp_id=3465|https://nigeria.mimusjobs.com/job/chef/,2026-09-22T08:32:16.227812,2002,20
39db5728a7ff3bdd,https://www.myjobmag.com/job/senior-rmnch-technical-advisor-management-science-for-health,Senior RMNCH Technical Advisor,posted|wp_id=81354|https://nigeria.mimusjobs.com/job/senior-rmnch-technical-advisor/,2026-09-22T08:32:21.922656,2002,21
812a52e265655dbb,https://www.myjobmag.com/job/finance-manager-management-science-for-health-2,Finance Manager,posted|wp_id=20978|https://nigeria.mimusjobs.com/job/finance-manager/,2026-09-22T08:32:23.256836,2002,21
7395d7bfd7cdc95c,https://www.myjobmag.com/job/m-e-hmis-advisor-management-science-for-health,M&E/HMIS Advisor,posted|wp_id=81358|https://nigeria.mimusjobs.com/job/me-hmis-advisor/,2026-09-22T08:32:26.425320,2002,21
3986d58a8db1c885,https://www.myjobmag.com/job/team-lead-leadership-management-governance-management-science-for-health,"Team Lead, Leadership, Management & Governance",posted|wp_id=81362|https://nigeria.mimusjobs.com/job/team-lead-leadership-management-governance/,2026-09-22T08:32:29.638368,2002,21
a9f0b0e4dbe009bd,https://www.myjobmag.com/job/wealth-relationship-manager-renmoney,Wealth Relationship Manager,posted|wp_id=81365|https://nigeria.mimusjobs.com/job/wealth-relationship-manager/,2026-09-22T08:32:35.084841,2002,22
2dc72eaeec075510,https://www.myjobmag.com/job/knowledge-management-lead-renmoney-1,Knowledge Management Lead,posted|wp_id=81369|https://nigeria.mimusjobs.com/job/knowledge-management-lead/,2026-09-22T08:32:38.111846,2002,22
5ffe9415412bc5a9,https://www.myjobmag.com/job/chief-information-security-officer-renmoney-1,Chief Information Security Officer,posted|wp_id=15930|https://nigeria.mimusjobs.com/job/chief-information-security-officer/,2026-09-22T08:32:39.379420,2002,22
c3420a14d26c3249,https://www.myjobmag.com/job/head-finance-accounting-nigerian-society-of-engineers,"Head, Finance & Accounting",posted|wp_id=81373|https://nigeria.mimusjobs.com/job/head-finance-accounting/,2026-09-22T08:32:44.998200,2002,23
fa77a31475eb7a31,https://www.myjobmag.com/job/unit-head-insurance-sales-sme-wealth-axa-mansard,"Unit Head, Insurance Sales SME & Wealth",posted|wp_id=81379|https://nigeria.mimusjobs.com/job/unit-head-insurance-sales-sme-wealth/,2026-09-22T08:32:50.585179,2002,24
4e2b9bdddcce42de,https://www.myjobmag.com/job/quality-manager-mondelez-international,Quality Manager,posted|wp_id=54450|https://nigeria.mimusjobs.com/job/quality-manager/,2026-09-22T08:32:54.357574,2002,25
418537d836f92b76,https://www.myjobmag.com/job/maintenance-repair-m-r-lead-beverage-mondelez-international,"Maintenance & Repair (M&R) Lead, Beverage",posted|wp_id=81383|https://nigeria.mimusjobs.com/job/maintenance-repair-mr-lead-beverage/,2026-09-22T08:32:58.580469,2002,25
62b1e89ed1a7eaed,https://www.myjobmag.com/job/senior-risk-compliance-officer-rainoil-oil-and-gas-company-4,Senior Risk & Compliance Officer,posted|wp_id=81389|https://nigeria.mimusjobs.com/job/senior-risk-compliance-officer/,2026-09-22T08:33:04.464209,2002,26
dfdf431005be56d1,https://www.myjobmag.com/job/2025-young-talents-program-pedabo-tax-audit-advisory,2025 Young Talents Program,posted|wp_id=81395|https://nigeria.mimusjobs.com/job/2025-young-talents-program/,2026-09-22T08:33:10.468479,2002,27
ef093d9f4d42fb86,https://www.myjobmag.com/job/deputy-test-centre-administrator-idp-education-ltd-2,Deputy Test Centre Administrator,posted|wp_id=81400|https://nigeria.mimusjobs.com/job/deputy-test-centre-administrator/,2026-09-22T08:33:15.910400,2002,28
4a55b1e247657ef4,https://www.myjobmag.com/job/terminal-chief-financial-officer-apm-terminals-2,Terminal Chief Financial Officer,posted|wp_id=81405|https://nigeria.mimusjobs.com/job/terminal-chief-financial-officer/,2026-09-22T08:33:21.245115,2002,29
f95238dbe4caae54,https://www.myjobmag.com/job/virtual-marketer-kydal-office-point,Virtual Marketer,posted|wp_id=81411|https://nigeria.mimusjobs.com/job/virtual-marketer/,2026-09-22T08:33:26.861545,2002,30
c4cb118577c6ee6c,https://www.myjobmag.com/job/french-teacher-primary-kids-court-school,French Teacher (Primary),posted|wp_id=81422|https://nigeria.mimusjobs.com/job/french-teacher-primary/,2026-09-22T08:33:33.821006,2002,31
12b9999e409dd7cc,https://www.myjobmag.com/job/marketer-elizabeth-maddeux-3,Marketer,posted|wp_id=758|https://nigeria.mimusjobs.com/job/marketer/,2026-09-22T08:33:37.256980,2002,32
964555839d4ac6e8,https://www.myjobmag.com/job/business-operations-manager-elvaridah-2,Business Operations Manager,posted|wp_id=23247|https://nigeria.mimusjobs.com/job/business-operations-manager/,2026-09-22T08:33:40.700826,2002,33
9505e2fa34c83fb1,https://www.myjobmag.com/job/private-residential-chef-katampe-extension-abuja-venmac-resources-limited,Private Residential Chef (Katampe Extension Abuja),posted|wp_id=81433|https://nigeria.mimusjobs.com/job/private-residential-chef-katampe-extension-abuja/,2026-09-22T08:33:45.910604,2002,34
8d391379a4533527,https://www.myjobmag.com/job/hse-officer-whassan-nigeria-limited,HSE Officer,posted|wp_id=1837|https://nigeria.mimusjobs.com/job/hse-officer/,2026-09-22T08:33:49.537090,2002,35
ccf5bfe937941539,https://www.myjobmag.com/job/human-resources-administrative-assistant-whassan-nigeria-limited,Human Resources / Administrative Assistant,posted|wp_id=14751|https://nigeria.mimusjobs.com/job/human-resources-administrative-assistant/,2026-09-22T08:33:50.880815,2002,35
6145320cc85adfca,https://www.myjobmag.com/job/financial-advisors-sales-aiico,Financial Advisors (Sales),posted|wp_id=81445|https://nigeria.mimusjobs.com/job/financial-advisors-sales/,2026-09-22T08:34:00.833946,2003,2
14c8e28bef468166,https://www.myjobmag.com/job/cost-accountant-mshel-homes-ltd-1,Cost Accountant,posted|wp_id=33527|https://nigeria.mimusjobs.com/job/cost-accountant/,2026-09-22T08:34:04.394664,2003,3
e75b0947a6f31834,https://www.myjobmag.com/job/financial-analyst-intern-token-metrics-2,Financial Analyst Intern,posted|wp_id=75244|https://nigeria.mimusjobs.com/job/financial-analyst-intern/,2026-09-22T08:34:10.063666,2003,4
845d09637afaea33,https://www.myjobmag.com/job/kitchen-assistant-kenricana-group,Kitchen Assistant,posted|wp_id=26769|https://nigeria.mimusjobs.com/job/kitchen-assistant/,2026-09-22T08:34:15.005380,2003,5
cd7e796375db31e1,https://www.myjobmag.com/job/cost-controller-mshel-homes-ltd,Cost Controller,posted|wp_id=32218|https://nigeria.mimusjobs.com/job/cost-controller/,2026-09-22T08:34:18.537542,2003,6
e21fc713706d949f,https://www.myjobmag.com/job/cook-for-fast-production-kitchen-operations-kenricana-group,Cook (for Fast Production Kitchen Operations),posted|wp_id=81464|https://nigeria.mimusjobs.com/job/cook-for-fast-production-kitchen-operations/,2026-09-22T08:34:23.840010,2003,7
5d8823ab0f2a30c7,https://www.myjobmag.com/job/manager-regulatory-compliance-ernst-and-young,"Manager, Regulatory Compliance",posted|wp_id=65564|https://nigeria.mimusjobs.com/job/manager-regulatory-compliance/,2026-09-22T08:34:27.314086,2003,8
f42cd5cb9a6ae21b,https://www.myjobmag.com/job/land-surveyor-layelle-africa,Land Surveyor,posted|wp_id=44194|https://nigeria.mimusjobs.com/job/land-surveyor/,2026-09-22T08:34:30.812360,2003,9
876d80609b4f05f6,https://www.myjobmag.com/job/gender-and-safeguarding-officer-ekklesiyar-yan-uwa-a-nigeria-eyn-project,Gender and Safeguarding Officer,posted|wp_id=81472|https://nigeria.mimusjobs.com/job/gender-and-safeguarding-officer/,2026-09-22T08:34:38.240040,2003,10
8c5e2b6ee103056e,https://www.myjobmag.com/job/consultant-support-to-ecowas-child-rights-infomation-management-system-ecrims-international-organization-for-migration,Consultant: Support to ECOWAS Child Rights Infomation Management System (ECRIMS),posted|wp_id=81476|https://nigeria.mimusjobs.com/job/consultant-support-to-ecowas-child-rights-infomation-management-system-ecrims/,2026-09-22T08:34:43.443860,2003,11
fc8886567e6f5c91,https://www.myjobmag.com/job/consultant-migration-health-nurse-international-organization-for-migration,Consultant - Migration Health Nurse,posted|wp_id=58688|https://nigeria.mimusjobs.com/job/consultant-migration-health-nurse/,2026-09-22T08:34:44.735186,2003,11
d9811b2cd5315791,https://www.myjobmag.com/job/head-customer-success-dangote-1,"Head, Customer Success",posted|wp_id=81482|https://nigeria.mimusjobs.com/job/head-customer-success/,2026-09-22T08:34:50.055791,2003,12
0a18a74d6e13f390,https://www.myjobmag.com/job/regional-customer-experience-manager-dangote,Regional Customer Experience Manager,posted|wp_id=81484|https://nigeria.mimusjobs.com/job/regional-customer-experience-manager/,2026-09-22T08:34:53.506862,2003,12
0783047dfa5fca4b,https://www.myjobmag.com/job/delivery-validation-scheduling-coordinator-dangote-1,Delivery Validation & Scheduling Coordinator,posted|wp_id=81488|https://nigeria.mimusjobs.com/job/delivery-validation-scheduling-coordinator/,2026-09-22T08:34:57.267009,2003,12
ec4528451f195c61,https://www.myjobmag.com/job/receipting-reconciliation-executive-i-totalenergies,Receipting Reconciliation Executive I,posted|wp_id=81494|https://nigeria.mimusjobs.com/job/receipting-reconciliation-executive-i/,2026-09-22T08:35:04.154074,2003,13
c78e51f76700b2a6,https://www.myjobmag.com/job/jv-pac-analyst-totalenergies,JV/PAC Analyst,posted|wp_id=81498|https://nigeria.mimusjobs.com/job/jv-pac-analyst/,2026-09-22T08:35:07.766566,2003,13
b96f31275db3fb15,https://www.myjobmag.com/job/laboratory-officer-lagos-blending-plant-totalenergies,"Laboratory Officer, Lagos Blending Plant",posted|wp_id=81502|https://nigeria.mimusjobs.com/job/laboratory-officer-lagos-blending-plant/,2026-09-22T08:35:11.314378,2003,13
8210ae0cf50e96a3,https://www.myjobmag.com/job/young-graduate-program-totalenergies-3,Young Graduate Program,posted|wp_id=81506|https://nigeria.mimusjobs.com/job/young-graduate-program/,2026-09-22T08:35:14.783858,2003,13
a8cc36473416cd0f,https://www.myjobmag.com/job/maintenance-supervisor-jmg-7,Maintenance Supervisor,posted|wp_id=41073|https://nigeria.mimusjobs.com/job/maintenance-supervisor/,2026-09-22T08:35:18.205889,2003,14
fcab6a480883b0aa,https://www.myjobmag.com/job/administrative-officer-basgroup,Administrative Officer,posted|wp_id=326|https://nigeria.mimusjobs.com/job/administrative-officer/,2026-09-22T08:35:23.469463,2003,15
73b664669f0f56bf,https://www.myjobmag.com/job/risk-officer-basgroup,Risk Officer,posted|wp_id=48200|https://nigeria.mimusjobs.com/job/risk-officer/,2026-09-22T08:35:24.775620,2003,15
97ee764b54b634ad,https://www.myjobmag.com/job/finance-manager-basgroup-1,Finance Manager,posted|wp_id=20978|https://nigeria.mimusjobs.com/job/finance-manager/,2026-09-22T08:35:26.139464,2003,15
1b2717600666e82c,https://www.myjobmag.com/job/internal-control-officer-fact-base-consulting,Internal Control Officer,posted|wp_id=7194|https://nigeria.mimusjobs.com/job/internal-control-officer/,2026-09-22T08:35:29.625014,2003,16
4d047d37a1468d05,https://www.myjobmag.com/job/radiology-technician-alpha-mead-group-2,Radiology Technician,posted|wp_id=81522|https://nigeria.mimusjobs.com/job/radiology-technician/,2026-09-22T08:35:34.690213,2003,17
1006e6ef689e2057,https://www.myjobmag.com/job/product-designer-intern-foodcourt-1,Product Designer Intern,posted|wp_id=81531|https://nigeria.mimusjobs.com/job/product-designer-intern/,2026-09-22T08:35:41.805145,2003,18
4005755497041749,https://www.myjobmag.com/job/senior-store-officer-jmg-1,Senior Store Officer,posted|wp_id=40621|https://nigeria.mimusjobs.com/job/senior-store-officer/,2026-09-22T08:35:45.356336,2003,19
0dddf506896fe5f6,https://www.myjobmag.com/job/sales-manager-home-appliances-jamara-operations-limited,Sales Manager - Home Appliances,posted|wp_id=81539|https://nigeria.mimusjobs.com/job/sales-manager-home-appliances/,2026-09-22T08:35:51.276478,2003,20
9531335eae57d20c,https://www.myjobmag.com/job/area-service-manager-solar-turbines,Area Service Manager,posted|wp_id=64068|https://nigeria.mimusjobs.com/job/area-service-manager/,2026-09-22T08:35:55.107983,2003,21
0c052d12bdfe4683,https://www.myjobmag.com/job/brand-designer-bave-design-studio,Brand Designer,posted|wp_id=70986|https://nigeria.mimusjobs.com/job/brand-designer/,2026-09-22T08:35:58.768704,2003,22
2ecef81699950065,https://www.myjobmag.com/job/graduate-trainee-mechanical-engineering-sany-nigeria,Graduate Trainee (Mechanical Engineering),posted|wp_id=51375|https://nigeria.mimusjobs.com/job/graduate-trainee-mechanical-engineering/,2026-09-22T08:36:08.412677,2003,23
e984117d36b1ff78,https://www.myjobmag.com/job/electrical-engineer-mantrac-nigeria-ltd,Electrical Engineer,posted|wp_id=22013|https://nigeria.mimusjobs.com/job/electrical-engineer/,2026-09-22T08:36:12.287922,2003,24
693bc9152a5a1181,https://www.myjobmag.com/job/quality-assurance-officer-solar-panel-manufacturing-t-o-n-corporate-services,Quality Assurance Officer (Solar Panel Manufacturing),posted|wp_id=81557|https://nigeria.mimusjobs.com/job/quality-assurance-officer-solar-panel-manufacturing/,2026-09-22T08:36:17.899528,2003,25
e700ff3d228e141a,https://www.myjobmag.com/job/finance-manager-solar-panel-manufacturing-t-o-n-corporate-services,Finance Manager (Solar Panel Manufacturing),posted|wp_id=81562|https://nigeria.mimusjobs.com/job/finance-manager-solar-panel-manufacturing/,2026-09-22T08:36:20.916912,2003,25
f6875bba7e01d36e,https://www.myjobmag.com/job/admin-facilities-officer-solar-panel-manufacturing-t-o-n-corporate-services,Admin & Facilities Officer (Solar Panel Manufacturing),posted|wp_id=81566|https://nigeria.mimusjobs.com/job/admin-facilities-officer-solar-panel-manufacturing/,2026-09-22T08:36:23.949637,2003,25
08c4db2babc11619,https://www.myjobmag.com/job/outbound-research-specialist-moniepoint,Outbound Research Specialist,posted|wp_id=69088|https://nigeria.mimusjobs.com/job/outbound-research-specialist/,2026-09-22T08:36:27.763539,2003,26
32ddc157c8bfdbcd,https://www.myjobmag.com/job/community-health-extension-worker-chew-hmo-mediplan-healthcare,Community Health Extension Worker - CHEW (HMO),posted|wp_id=81574|https://nigeria.mimusjobs.com/job/community-health-extension-worker-chew-hmo/,2026-09-22T08:36:34.032547,2003,27
4291df730070db4f,https://www.myjobmag.com/job/business-development-manager-oil-gas-fmr-agency,Business Development Manager (Oil & Gas),posted|wp_id=47816|https://nigeria.mimusjobs.com/job/business-development-manager-oil-gas/,2026-09-22T08:36:37.803384,2003,28
69658ad87ce77c16,https://www.myjobmag.com/job/noc-engineer-cobranet-limited-3,NOC Engineer,posted|wp_id=79746|https://nigeria.mimusjobs.com/job/noc-engineer/,2026-09-22T08:36:41.564930,2003,29
a4ebd188b1ddf942,https://www.myjobmag.com/job/enterprise-sales-executive-cobranet-limited-7,Enterprise Sales Executive,posted|wp_id=32277|https://nigeria.mimusjobs.com/job/enterprise-sales-executive/,2026-09-22T08:36:42.980295,2003,29
eb31830803c43cb5,https://www.myjobmag.com/job/product-design-intern-foodcourt,Product Design Intern,posted|wp_id=71480|https://nigeria.mimusjobs.com/job/product-design-intern/,2026-09-22T08:36:46.997992,2003,30
8ae9ce3866e6af9e,https://www.myjobmag.com/job/hr-coordinator-l-d-partnership-administration-norwegian-refugee-council-nrc,"HR Coordinator (L&D, Partnership, Administration)",posted|wp_id=81580|https://nigeria.mimusjobs.com/job/hr-coordinator-ld-partnership-administration/,2026-09-22T08:36:52.669963,2003,31
f56429fc7028cd17,https://www.myjobmag.com/job/perioperative-nurse-rubber-estates-nigeria-limited,Perioperative Nurse,posted|wp_id=52703|https://nigeria.mimusjobs.com/job/perioperative-nurse/,2026-09-22T08:36:56.566559,2003,32
21791c418ea9ec8d,https://www.myjobmag.com/job/instrumentation-engineer-and-technician-unicane-industries-limited,Instrumentation Engineer and Technician,posted|wp_id=81586|https://nigeria.mimusjobs.com/job/instrumentation-engineer-and-technician/,2026-09-22T08:37:04.812327,2003,33
361e30c222079b7d,https://www.myjobmag.com/job/hdpe-blow-mold-machine-operator-unicane-industries-limited,HDPE Blow Mold Machine Operator,posted|wp_id=81588|https://nigeria.mimusjobs.com/job/hdpe-blow-mold-machine-operator/,2026-09-22T08:37:08.333942,2003,33
8b80e2136c0c205d,https://www.myjobmag.com/job/telesales-officer-simba-group-1,Telesales Officer,posted|wp_id=35814|https://nigeria.mimusjobs.com/job/telesales-officer/,2026-09-22T08:37:12.256128,2003,34
e1cc5c5440c2a382,https://www.myjobmag.com/job/teacher-physics-chemistry-biology-agriculture-brilliant-performance-solutions-limited,"Teacher - Physics, Chemistry, Biology & Agriculture",posted|wp_id=81592|https://nigeria.mimusjobs.com/job/teacher-physics-chemistry-biology-agriculture/,2026-09-22T08:37:18.119947,2003,35
e5abb78ddabc93a8,https://www.myjobmag.com/job/chief-security-officer-dana-group-2,Chief Security Officer,posted|wp_id=31053|https://nigeria.mimusjobs.com/job/chief-security-officer/,2026-09-22T08:37:24.766171,2004,3
f6daa7511a7b4df8,https://www.myjobmag.com/job/security-supervisor-dana-group,Security Supervisor,posted|wp_id=32990|https://nigeria.mimusjobs.com/job/security-supervisor/,2026-09-22T08:37:26.109468,2004,3
d3a0c8380429bc5f,https://www.myjobmag.com/job/full-stack-developer-taremtec-nigeria-limited-1,Full Stack Developer,posted|wp_id=23119|https://nigeria.mimusjobs.com/job/full-stack-developer/,2026-09-22T08:37:31.776958,2004,4
8c965d65caa79e42,https://www.myjobmag.com/job/account-officer-goldline-nigeria-limited-2,Account Officer,posted|wp_id=457|https://nigeria.mimusjobs.com/job/account-officer/,2026-09-22T08:37:35.467198,2004,5
1a1537c9ba95e3e7,https://www.myjobmag.com/job/sales-marketing-executive-goldline-nigeria-limited-2,Sales & Marketing Executive,posted|wp_id=20678|https://nigeria.mimusjobs.com/job/sales-marketing-executive/,2026-09-22T08:37:36.799092,2004,5
d0a5e7c0850abeaf,https://www.myjobmag.com/job/climate-adaptation-and-resilience-technical-consultant-ehealth-systems-africa,Climate Adaptation and Resilience Technical Consultant,posted|wp_id=81608|https://nigeria.mimusjobs.com/job/climate-adaptation-and-resilience-technical-consultant/,2026-09-22T08:37:42.464939,2004,6
f53d94652199f1e9,https://www.myjobmag.com/job/front-desk-officer-saturn-epic-energy-and-gas-global-co-ltd,Front Desk Officer,posted|wp_id=2058|https://nigeria.mimusjobs.com/job/front-desk-officer/,2026-09-22T08:37:46.185744,2004,7
5014cc391d49797b,https://www.myjobmag.com/job/internal-auditor-uhy-professional-services-1,Internal Auditor,posted|wp_id=2725|https://nigeria.mimusjobs.com/job/internal-auditor/,2026-09-22T08:37:49.911777,2004,8
2ca650e3fc67f280,https://www.myjobmag.com/job/marketer-al-treuhand-better-design-limited,Marketer,posted|wp_id=758|https://nigeria.mimusjobs.com/job/marketer/,2026-09-22T08:37:55.561385,2004,9
26b7943994480c85,https://www.myjobmag.com/job/nanny-zamiva-transnational-services-1,Nanny,posted|wp_id=54897|https://nigeria.mimusjobs.com/job/nanny/,2026-09-22T08:37:59.291295,2004,10
5476978769458286,https://www.myjobmag.com/job/lounge-supervisor-zamiva-transnational-services,Lounge Supervisor,posted|wp_id=56535|https://nigeria.mimusjobs.com/job/lounge-supervisor/,2026-09-22T08:38:00.749976,2004,10
dd80d4aec18dc914,https://www.myjobmag.com/job/barman-zamiva-transnational-services-1,Barman,posted|wp_id=33236|https://nigeria.mimusjobs.com/job/barman/,2026-09-22T08:38:02.381681,2004,10
295621228fe4697d,https://www.myjobmag.com/job/security-guard-zamiva-transnational-services,Security Guard,posted|wp_id=16550|https://nigeria.mimusjobs.com/job/security-guard/,2026-09-22T08:38:03.992861,2004,10
47f24164d7165b7f,https://www.myjobmag.com/job/assistant-account-officer-lohachy-farms,Assistant Account Officer,posted|wp_id=81628|https://nigeria.mimusjobs.com/job/assistant-account-officer/,2026-09-22T08:38:10.452848,2004,11
ffbdac808b9ac4de,https://www.myjobmag.com/job/maintenance-supervisor-jmg-6,Maintenance Supervisor,posted|wp_id=41073|https://nigeria.mimusjobs.com/job/maintenance-supervisor/,2026-09-22T08:38:14.254531,2004,12
8405a39e2ecf4421,https://www.myjobmag.com/job/executive-assistant-survival-agricultural-hub-limited-3,Executive Assistant,posted|wp_id=2569|https://nigeria.mimusjobs.com/job/executive-assistant/,2026-09-22T08:38:20.124448,2004,13
0f388169fa13f07f,https://www.myjobmag.com/job/personal-driver-to-the-md-ceo-survival-agricultural-hub-limited-1,Personal Driver to the MD / CEO,posted|wp_id=81641|https://nigeria.mimusjobs.com/job/personal-driver-to-the-md-ceo/,2026-09-22T08:38:23.250363,2004,13
541fdd6f9326e2d2,https://www.myjobmag.com/job/area-sales-manager-multipro-consumer-products-limited-11,Area Sales Manager,posted|wp_id=916|https://nigeria.mimusjobs.com/job/area-sales-manager/,2026-09-22T08:38:26.989598,2004,14
c488a4aaaf5f18ab,https://www.myjobmag.com/job/software-developer-pc-planet,Software Developer,posted|wp_id=51616|https://nigeria.mimusjobs.com/job/software-developer/,2026-09-22T08:38:30.810822,2004,15
e9850fe9bb95965f,https://www.myjobmag.com/job/graduate-trainee-electronic-payplus-limited-3,Graduate Trainee,posted|wp_id=1025|https://nigeria.mimusjobs.com/job/graduate-trainee/,2026-09-22T08:38:34.556519,2004,16
c3f6c3717b893e0a,https://www.myjobmag.com/job/plant-operator-pz-cussons-6,Plant Operator,posted|wp_id=81654|https://nigeria.mimusjobs.com/job/plant-operator/,2026-09-22T08:38:40.133540,2004,17
8e0e5f6764d6e271,https://www.myjobmag.com/job/storekeeper-trainee-the-place-bar-and-club-10,Storekeeper Trainee,posted|wp_id=51305|https://nigeria.mimusjobs.com/job/storekeeper-trainee/,2026-09-22T08:38:43.857676,2004,18
6324d396af8de07a,https://www.myjobmag.com/job/regional-finance-manager-the-center-for-international-private-enterprise-cipe,Regional Finance Manager,posted|wp_id=63939|https://nigeria.mimusjobs.com/job/regional-finance-manager/,2026-09-22T08:38:47.553150,2004,19
16ed50ed636a08b5,https://www.myjobmag.com/job/trainee-accountant-the-candel-fze-6,Trainee Accountant,posted|wp_id=52446|https://nigeria.mimusjobs.com/job/trainee-accountant/,2026-09-22T08:38:51.211948,2004,20
5ea00f82bdd28d33,https://www.myjobmag.com/job/product-manager-25,Product Manager,posted|wp_id=1967|https://nigeria.mimusjobs.com/job/product-manager/,2026-09-22T08:38:54.944182,2004,21
cbd36a7cd02ce2fd,https://www.myjobmag.com/job/sales-managers-jamara-operations-limited,Sales Managers,posted|wp_id=43303|https://nigeria.mimusjobs.com/job/sales-managers/,2026-09-22T08:38:58.600159,2004,22
fa5984e90220e784,https://www.myjobmag.com/job/corporate-driver-manual-automatic-vehicles-blume-nigeria-limited-3,Corporate Driver (Manual & Automatic Vehicles),posted|wp_id=81670|https://nigeria.mimusjobs.com/job/corporate-driver-manual-automatic-vehicles/,2026-09-22T08:39:04.907601,2004,23
bd1aa463bbc0f02e,https://www.myjobmag.com/job/eudr-inventory-manager-beyond-beans-foundation,EUDR & Inventory Manager,posted|wp_id=81674|https://nigeria.mimusjobs.com/job/eudr-inventory-manager/,2026-09-22T08:39:11.175498,2004,24
7d26dffd287efd70,https://www.myjobmag.com/job/state-coordinator-ekiti-women-in-mechanized-agriculture,State Coordinator - Ekiti,posted|wp_id=81678|https://nigeria.mimusjobs.com/job/state-coordinator-ekiti/,2026-09-22T08:39:18.873463,2004,25
8fa2ca6a68ce4d38,https://www.myjobmag.com/job/state-coordinator-enugu-women-in-mechanized-agriculture,State Coordinator (Enugu),posted|wp_id=75972|https://nigeria.mimusjobs.com/job/state-coordinator-enugu/,2026-09-22T08:39:20.228580,2004,25
36090789f37475d0,https://www.myjobmag.com/job/state-coordinator-benue-women-in-mechanized-agriculture,State Coordinator (Benue),posted|wp_id=81682|https://nigeria.mimusjobs.com/job/state-coordinator-benue/,2026-09-22T08:39:23.896517,2004,25
bbe8ffada0b41381,https://www.myjobmag.com/job/area-sales-manager-asm-fmcg-foods-sonia-foods-industries,Area Sales Manager (ASM) - FMCG (Foods),posted|wp_id=81688|https://nigeria.mimusjobs.com/job/area-sales-manager-asm-fmcg-foods/,2026-09-22T08:39:29.337496,2004,26
6ac1a51509fff4bc,https://www.myjobmag.com/job/professional-presser-cleanace-academy,Professional Presser,posted|wp_id=81691|https://nigeria.mimusjobs.com/job/professional-presser/,2026-09-22T08:39:35.087181,2004,27
e0dc0d9324c29832,https://www.myjobmag.com/job/legal-manager-afrihood-development-company-3,Legal Manager,posted|wp_id=35649|https://nigeria.mimusjobs.com/job/legal-manager/,2026-09-22T08:39:38.939113,2004,28
1fdd4ea1797fd7ce,https://www.myjobmag.com/job/industrial-attachment-student-hr-wit,Industrial Attachment Student,posted|wp_id=81702|https://nigeria.mimusjobs.com/job/industrial-attachment-student/,2026-09-22T08:39:46.290659,2004,29
578cde16de222c06,https://www.myjobmag.com/job/trade-marketing-manager-new-age-mobile-concepts-limited-2,Trade Marketing Manager,posted|wp_id=48230|https://nigeria.mimusjobs.com/job/trade-marketing-manager/,2026-09-22T08:39:50.035591,2004,30
55f6cfe3cd171a70,https://www.myjobmag.com/job/cloud-engineer-odixcity-consulting,Cloud Engineer,posted|wp_id=73202|https://nigeria.mimusjobs.com/job/cloud-engineer/,2026-09-22T08:39:53.724390,2004,31
4b84902d6d1aa1bb,https://www.myjobmag.com/job/back-end-developer-odixcity-consulting,Back-End Developer,posted|wp_id=81710|https://nigeria.mimusjobs.com/job/back-end-developer/,2026-09-22T08:39:56.862573,2004,31
1bbecbe8930e1ac0,https://www.myjobmag.com/job/graphic-designer-odixcity-consulting,Graphic Designer,posted|wp_id=16166|https://nigeria.mimusjobs.com/job/graphic-designer/,2026-09-22T08:39:58.242833,2004,31
626c023afacfefd2,https://www.myjobmag.com/job/growth-associate-pharmarun-2,Growth Associate,posted|wp_id=81717|https://nigeria.mimusjobs.com/job/growth-associate/,2026-09-22T08:40:05.225682,2004,32
cdecafc80b7c1d4d,https://www.myjobmag.com/job/mathematics-teacher-charryville-academy-3,Mathematics Teacher,posted|wp_id=687|https://nigeria.mimusjobs.com/job/mathematics-teacher/,2026-09-22T08:40:09.362885,2004,33
2719e350f40924fc,https://www.myjobmag.com/job/private-chef-lekki-the-place-bar-and-club-3,Private Chef - Lekki,posted|wp_id=81724|https://nigeria.mimusjobs.com/job/private-chef-lekki/,2026-09-22T08:40:15.717682,2004,34
e72460df133f9c54,https://www.myjobmag.com/job/media-strategist-tilden-development-limited,Media Strategist,posted|wp_id=81730|https://nigeria.mimusjobs.com/job/media-strategist/,2026-09-22T08:40:21.940274,2004,35
39bdbe05b2b72f71,https://www.myjobmag.com/job/commis-chef-2-hilton-worldwide-4,Commis Chef 2,posted|wp_id=81738|https://nigeria.mimusjobs.com/job/commis-chef-2/,2026-09-22T08:40:30.665962,2005,1
7f310a9d7283d44d,https://www.myjobmag.com/job/digital-marketing-specialist-gig-logistics-1,Digital Marketing Specialist,posted|wp_id=12490|https://nigeria.mimusjobs.com/job/digital-marketing-specialist/,2026-09-22T08:40:34.557133,2005,2
779e6bfa889b3b06,https://www.myjobmag.com/job/restaurant-inventory-officer-bukka-hospitality-limited-bukka-hut-2,Restaurant Inventory Officer,posted|wp_id=55994|https://nigeria.mimusjobs.com/job/restaurant-inventory-officer/,2026-09-22T08:40:38.352301,2005,3
ef2e079d34d4affa,https://www.myjobmag.com/job/ftth-site-engineer-mactay-consulting-1,FTTH Site Engineer,posted|wp_id=81748|https://nigeria.mimusjobs.com/job/ftth-site-engineer/,2026-09-22T08:40:43.949085,2005,4
76dda56315995076,https://www.myjobmag.com/job/head-of-human-resources-novella-africa-1,Head of Human Resources,posted|wp_id=50244|https://nigeria.mimusjobs.com/job/head-of-human-resources/,2026-09-22T08:40:47.758026,2005,5
cd8929d771120f9b,https://www.myjobmag.com/job/procurement-specialist-cellulant,Procurement Specialist,posted|wp_id=26761|https://nigeria.mimusjobs.com/job/procurement-specialist/,2026-09-22T08:40:53.127519,2005,6
1e7e6862df852ebc,https://www.myjobmag.com/job/legal-principal-cellulant,Legal Principal,posted|wp_id=81761|https://nigeria.mimusjobs.com/job/legal-principal/,2026-09-22T08:40:56.501408,2005,6
35cbd525cda83465,https://www.myjobmag.com/job/principal-product-owner-payment-methods-partnerships-cellulant,"Principal Product Owner, Payment Methods Partnerships",posted|wp_id=81765|https://nigeria.mimusjobs.com/job/principal-product-owner-payment-methods-partnerships/,2026-09-22T08:40:59.870634,2005,6
a9ea795602821877,https://www.myjobmag.com/job/credit-risk-officer-motion-yield-nigeria-limited,Credit Risk Officer,posted|wp_id=22245|https://nigeria.mimusjobs.com/job/credit-risk-officer/,2026-09-22T08:41:03.962541,2005,7
b28b380c56c6cb49,https://www.myjobmag.com/job/legal-manager-renda-limited-2,Legal Manager,posted|wp_id=35649|https://nigeria.mimusjobs.com/job/legal-manager/,2026-09-22T08:41:08.084268,2005,8
e11308c95ee24d46,https://www.myjobmag.com/job/medical-doctor-life-helpers-initiative,Medical Doctor,posted|wp_id=27087|https://nigeria.mimusjobs.com/job/medical-doctor/,2026-09-22T08:41:14.166165,2005,9
c2ea765e96368b64,https://www.myjobmag.com/job/locum-doctor-lagos-eha-clinics-1,Locum Doctor - Lagos,posted|wp_id=81779|https://nigeria.mimusjobs.com/job/locum-doctor-lagos/,2026-09-22T08:41:19.783264,2005,10
2d7a1647a036bbe1,https://www.myjobmag.com/job/customer-support-associate-turbo-energy-nigeria-limited,Customer Support Associate,posted|wp_id=23796|https://nigeria.mimusjobs.com/job/customer-support-associate/,2026-09-22T08:41:23.600225,2005,11
9ad8583ef2968091,https://www.myjobmag.com/job/clearance-agent-assistant-goonite-hygiene,Clearance Agent Assistant,posted|wp_id=81781|https://nigeria.mimusjobs.com/job/clearance-agent-assistant/,2026-09-22T08:41:29.248898,2005,12
bdea9647775e8f5a,https://www.myjobmag.com/job/adminstrative-assistant-goonite-hygiene,Adminstrative Assistant,posted|wp_id=81783|https://nigeria.mimusjobs.com/job/adminstrative-assistant/,2026-09-22T08:41:32.525947,2005,12
9ecb233bc154cf9b,https://www.myjobmag.com/job/field-officer-intersos-1,Field Officer,posted|wp_id=32386|https://nigeria.mimusjobs.com/job/field-officer/,2026-09-22T08:41:36.305593,2005,13
7fa32e9f6270c81d,https://www.myjobmag.com/job/driver-tag-energy-nigeria-limited-5,Driver,posted|wp_id=1929|https://nigeria.mimusjobs.com/job/driver/,2026-09-22T08:41:40.105878,2005,14
aa1f985415c8a780,https://www.myjobmag.com/job/fullstack-developer-php-laravel-mysql-tag-energy-nigeria-limited-1,"Fullstack Developer (PHP, LARAVEL & MYSQL)",posted|wp_id=81787|https://nigeria.mimusjobs.com/job/fullstack-developer-php-laravel-mysql/,2026-09-22T08:41:43.204351,2005,14
b0fbd6f4ca12c978,https://www.myjobmag.com/job/hr-intern-3,HR Intern,posted|wp_id=26791|https://nigeria.mimusjobs.com/job/hr-intern/,2026-09-22T08:41:45.558356,2005,15
a599aa9e8097fe2c,https://www.myjobmag.com/job/media-and-communication-officer-ekklesiyar-yan-uwa-a-nigeria-eyn-project,Media and Communication Officer,posted|wp_id=72656|https://nigeria.mimusjobs.com/job/media-and-communication-officer/,2026-09-22T08:41:50.797191,2005,16
c723b2d385a47f1d,https://www.myjobmag.com/job/logistics-officer-damboa-medecins-du-monde-4,Logistics Officer - Damboa,posted|wp_id=81797|https://nigeria.mimusjobs.com/job/logistics-officer-damboa/,2026-09-22T08:41:58.494749,2005,17
6e9d79ed03abba74,https://www.myjobmag.com/job/human-resources-specialist-newedge-finance-limited-1,Human Resources Specialist,posted|wp_id=16272|https://nigeria.mimusjobs.com/job/human-resources-specialist/,2026-09-22T08:42:02.927946,2005,18
6da5fbe8f65bdde4,https://www.myjobmag.com/job/logistics-officer-ekklesiyar-yan-uwa-a-nigeria-eyn-project,Logistics Officer,posted|wp_id=17787|https://nigeria.mimusjobs.com/job/logistics-officer/,2026-09-22T08:42:08.643893,2005,19
adc35652c95decbd,https://www.myjobmag.com/job/meal-officer-ekklesiyar-yan-uwa-a-nigeria-eyn-project-6,MEAL Officer,posted|wp_id=12167|https://nigeria.mimusjobs.com/job/meal-officer/,2026-09-22T08:42:14.351182,2005,20
19d609afe4a2ce3a,https://www.myjobmag.com/job/clinical-psychologist-2,Clinical Psychologist,posted|wp_id=25649|https://nigeria.mimusjobs.com/job/clinical-psychologist/,2026-09-22T08:42:16.724068,2005,21
0729d69da3b30c94,https://www.myjobmag.com/job/relationship-wealth-manager-trovest-capital-partners,Relationship/Wealth Manager,posted|wp_id=81803|https://nigeria.mimusjobs.com/job/relationship-wealth-manager/,2026-09-22T08:42:23.014738,2005,22
60fd1b7db99e22bb,https://www.myjobmag.com/job/sales-manager-adkan-services,Sales Manager,posted|wp_id=467|https://nigeria.mimusjobs.com/job/sales-manager/,2026-09-22T08:42:26.747361,2005,23
d5d35a2fb8815821,https://www.myjobmag.com/job/growth-associate-club-concierge-africa,Growth Associate,posted|wp_id=81717|https://nigeria.mimusjobs.com/job/growth-associate/,2026-09-22T08:42:32.453133,2005,24
5a570eef1b73f2c9,https://www.myjobmag.com/job/business-development-specialist-brenhazy-limited,Business Development Specialist,posted|wp_id=51291|https://nigeria.mimusjobs.com/job/business-development-specialist/,2026-09-22T08:42:36.167520,2005,25
b0adae1ec5bfbb60,https://www.myjobmag.com/job/hotel-performance-compliance-officer-maison-fahrenheit,Hotel Performance & Compliance Officer,posted|wp_id=81807|https://nigeria.mimusjobs.com/job/hotel-performance-compliance-officer/,2026-09-22T08:42:41.613122,2005,26
026114a4e6423519,https://www.myjobmag.com/job/a-c-maintenance-technician-maison-fahrenheit-1,A/C Maintenance Technician,posted|wp_id=81809|https://nigeria.mimusjobs.com/job/a-c-maintenance-technician/,2026-09-22T08:42:44.724173,2005,26
0cbcf04ced9c9b89,https://www.myjobmag.com/job/solar-sales-manager-winock-solar-limited,Solar Sales Manager,posted|wp_id=51985|https://nigeria.mimusjobs.com/job/solar-sales-manager/,2026-09-22T08:42:50.205652,2005,27
894ba9ae84588fb7,https://www.myjobmag.com/job/customer-care-officer-landgate-investments-limited,Customer Care Officer,posted|wp_id=3457|https://nigeria.mimusjobs.com/job/customer-care-officer/,2026-09-22T08:42:53.861440,2005,28
1276195766b30afc,https://www.myjobmag.com/job/project-manager-landgate-investments-limited,Project Manager,posted|wp_id=21609|https://nigeria.mimusjobs.com/job/project-manager/,2026-09-22T08:42:55.177914,2005,28
b0f89425c7d78679,https://www.myjobmag.com/job/sales-officer-landgate-investments-limited,Sales Officer,posted|wp_id=597|https://nigeria.mimusjobs.com/job/sales-officer/,2026-09-22T08:42:56.464364,2005,28
eaa4dc69829f1eb7,https://www.myjobmag.com/job/social-media-manager-content-creator-landgate-investments-limited,Social Media Manager / Content creator,posted|wp_id=30045|https://nigeria.mimusjobs.com/job/social-media-manager-content-creator/,2026-09-22T08:42:57.748874,2005,28
e0d69b2bb1694333,https://www.myjobmag.com/job/youth-programme-assistant-bible-society-of-nigeria-3,Youth & Programme Assistant,posted|wp_id=81813|https://nigeria.mimusjobs.com/job/youth-programme-assistant/,2026-09-22T08:43:03.748495,2005,29
dcf93c28c015b9b1,https://www.myjobmag.com/job/account-assistant-bible-society-of-nigeria-6,Account Assistant,posted|wp_id=2403|https://nigeria.mimusjobs.com/job/account-assistant/,2026-09-22T08:43:05.284351,2005,29
0405fdec37355a5c,https://www.myjobmag.com/job/front-desk-officer-the-borough-lagos-4,Front Desk Officer,posted|wp_id=2058|https://nigeria.mimusjobs.com/job/front-desk-officer/,2026-09-22T08:43:09.998565,2005,30
82a173e2afe2cac6,https://www.myjobmag.com/job/kitchen-manager-the-borough-lagos,Kitchen Manager,posted|wp_id=51630|https://nigeria.mimusjobs.com/job/kitchen-manager/,2026-09-22T08:43:11.584976,2005,30
06e370b8f4181fa3,https://www.myjobmag.com/job/mro-officer-neveah-limited-1,MRO Officer,posted|wp_id=81815|https://nigeria.mimusjobs.com/job/mro-officer/,2026-09-22T08:43:18.392408,2005,31
eef26d3f6c38b723,https://www.myjobmag.com/job/chief-of-staff-slum2school-africa-3,Chief of Staff,posted|wp_id=24185|https://nigeria.mimusjobs.com/job/chief-of-staff/,2026-09-22T08:43:22.208337,2005,32
5b7262b3f839494e,https://www.myjobmag.com/job/haulage-service-manager-kimberly-ryan,Haulage Service Manager,posted|wp_id=81817|https://nigeria.mimusjobs.com/job/haulage-service-manager/,2026-09-22T08:43:27.857044,2005,33
b73f331185fc47f9,https://www.myjobmag.com/job/chief-financial-officer-kimberly-ryan-2,Chief Financial Officer,posted|wp_id=21533|https://nigeria.mimusjobs.com/job/chief-financial-officer/,2026-09-22T08:43:29.197598,2005,33
5ca3a78928a70f4f,https://www.myjobmag.com/job/investment-banking-associate-kimberly-ryan-2,Investment Banking Associate,posted|wp_id=81819|https://nigeria.mimusjobs.com/job/investment-banking-associate/,2026-09-22T08:43:32.396386,2005,33
5227de7b1bdf8f6e,https://www.myjobmag.com/job/contact-centre-agent-kimberly-ryan,Contact Centre Agent,posted|wp_id=81821|https://nigeria.mimusjobs.com/job/contact-centre-agent/,2026-09-22T08:43:35.621126,2005,33
cbefda2089c6a441,https://www.myjobmag.com/job/direct-sales-agent-loan-sales-agent-kimberly-ryan,Direct Sales Agent / Loan Sales Agent,posted|wp_id=81823|https://nigeria.mimusjobs.com/job/direct-sales-agent-loan-sales-agent/,2026-09-22T08:43:38.707803,2005,33
4653fa0af8d4d0ac,https://www.myjobmag.com/job/enterprise-sales-executive-human-edge-consulting,Enterprise Sales Executive,posted|wp_id=32277|https://nigeria.mimusjobs.com/job/enterprise-sales-executive/,2026-09-22T08:43:42.427792,2005,34
e66e50cf80031ab8,https://www.myjobmag.com/job/fibre-engineer-at-human-edge-dimension-consulting-human-edge-consulting,Fibre Engineer,posted|wp_id=26431|https://nigeria.mimusjobs.com/job/fibre-engineer/,2026-09-22T08:43:43.687125,2005,34
3030cbc81425bf96,https://www.myjobmag.com/job/water-sanitation-and-hygiene-wash-intern-maiduguri-ne-solidarites-international,"Water, Sanitation, and Hygiene (WASH) Intern Maiduguri - NE",posted|wp_id=81825|https://nigeria.mimusjobs.com/job/water-sanitation-and-hygiene-wash-intern-maiduguri-ne/,2026-09-22T08:43:49.362482,2005,35
350457ecd03de00d,https://www.myjobmag.com/job/water-sanitation-and-hygiene-wash-intern-ngala-ne-solidarites-international,"Water, Sanitation, and Hygiene (WASH) Intern Ngala - NE",posted|wp_id=81827|https://nigeria.mimusjobs.com/job/water-sanitation-and-hygiene-wash-intern-ngala-ne/,2026-09-22T08:43:52.331546,2005,35
4b0682dc7238731a,https://www.myjobmag.com/job/water-sanitation-and-hygiene-wash-intern-monguno-ne-solidarites-international,"Water, Sanitation, and Hygiene (WASH) Intern - Monguno - NE",posted|wp_id=81829|https://nigeria.mimusjobs.com/job/water-sanitation-and-hygiene-wash-intern-monguno-ne/,2026-09-22T08:43:55.302069,2005,35
2fb62894daf76b8f,https://www.myjobmag.com/job/water-sanitation-and-hygiene-wash-intern-gusau-nw-solidarites-international,"Water, Sanitation, and Hygiene (WASH) Intern - Gusau - NW",posted|wp_id=81831|https://nigeria.mimusjobs.com/job/water-sanitation-and-hygiene-wash-intern-gusau-nw/,2026-09-22T08:43:58.904528,2005,35
26f7b35f78e059d6,https://www.myjobmag.com/job/food-security-and-livelihoods-fsl-team-lead-solidarites-international,Food Security and Livelihoods (FSL) Team Lead,posted|wp_id=81833|https://nigeria.mimusjobs.com/job/food-security-and-livelihoods-fsl-team-lead/,2026-09-22T08:44:02.474076,2005,35
1b7ec57cd95c79b8,https://www.myjobmag.com/job/agronomy-officer-solidarites-international,Agronomy Officer,posted|wp_id=49212|https://nigeria.mimusjobs.com/job/agronomy-officer/,2026-09-22T08:44:04.155469,2005,35
1eb5dc944dfc7683,https://www.myjobmag.com/job/technical-superintendent-onstream-group,Technical Superintendent,posted|wp_id=23735|https://nigeria.mimusjobs.com/job/technical-superintendent/,2026-09-22T08:44:16.359318,2006,3
b31a0506b4a7c559,https://www.myjobmag.com/job/senior-tax-accountant-matrix-energy-group,Senior Tax Accountant,posted|wp_id=81835|https://nigeria.mimusjobs.com/job/senior-tax-accountant/,2026-09-22T08:44:21.933823,2006,4
c6e513dc0a7df124,https://www.myjobmag.com/job/senior-mechanical-engineer-ariosh-limited,Senior Mechanical Engineer,posted|wp_id=31992|https://nigeria.mimusjobs.com/job/senior-mechanical-engineer/,2026-09-22T08:44:25.689654,2006,5
1d7250ff7276f6c1,https://www.myjobmag.com/job/senior-loss-prevention-engineer-ariosh-limited,Senior Loss Prevention Engineer,posted|wp_id=81837|https://nigeria.mimusjobs.com/job/senior-loss-prevention-engineer/,2026-09-22T08:44:28.857034,2006,5
3069c7d97304cb04,https://www.myjobmag.com/job/senior-structural-engineer-ariosh-limited,Senior Structural Engineer,posted|wp_id=81839|https://nigeria.mimusjobs.com/job/senior-structural-engineer/,2026-09-22T08:44:32.001083,2006,5
2faff57e21ea767b,https://www.myjobmag.com/job/intermediate-structural-engineer-ariosh-limited-2,Intermediate Structural Engineer,posted|wp_id=81841|https://nigeria.mimusjobs.com/job/intermediate-structural-engineer/,2026-09-22T08:44:34.919038,2006,5
99530659fcf81452,https://www.myjobmag.com/job/senior-intermediate-designer-ariosh-limited,Senior / intermediate Designer,posted|wp_id=81843|https://nigeria.mimusjobs.com/job/senior-intermediate-designer/,2026-09-22T08:44:37.919663,2006,5
4a588f7d23915082,https://www.myjobmag.com/job/senior-engineer-ariosh-limited,Senior Engineer,posted|wp_id=63913|https://nigeria.mimusjobs.com/job/senior-engineer/,2026-09-22T08:44:39.177105,2006,5
0f93a9bf30bd4108,https://www.myjobmag.com/job/lead-i-c-engineer-ariosh-limited,Lead I&C Engineer,posted|wp_id=81845|https://nigeria.mimusjobs.com/job/lead-ic-engineer/,2026-09-22T08:44:42.550923,2006,5
790b04ed3077f8f6,https://www.myjobmag.com/job/intermediate-engineer-ariosh-limited,Intermediate Engineer,posted|wp_id=81847|https://nigeria.mimusjobs.com/job/intermediate-engineer/,2026-09-22T08:44:45.482020,2006,5
d6a3d62493de9646,https://www.myjobmag.com/job/lead-maping-engineer-ariosh-limited,Lead Maping Engineer,posted|wp_id=81849|https://nigeria.mimusjobs.com/job/lead-maping-engineer/,2026-09-22T08:44:48.694311,2006,5
858cebf211d51802,https://www.myjobmag.com/job/senior-piping-engineer-ariosh-limited,Senior Piping Engineer,posted|wp_id=49568|https://nigeria.mimusjobs.com/job/senior-piping-engineer/,2026-09-22T08:44:50.001368,2006,5
b5e01396f8ca952f,https://www.myjobmag.com/job/senior-lntermediate-piping-designer-ariosh-limited,Senior / lntermediate Piping Designer,posted|wp_id=81851|https://nigeria.mimusjobs.com/job/senior-lntermediate-piping-designer/,2026-09-22T08:44:53.031219,2006,5
2d59baaf091ff625,https://www.myjobmag.com/job/senior-electrical-engineer-ariosh-limited,Senior Electrical Engineer,posted|wp_id=58083|https://nigeria.mimusjobs.com/job/senior-electrical-engineer/,2026-09-22T08:44:54.419146,2006,5
e97aebd3eff6e291,https://www.myjobmag.com/job/senior-intermediate-electrical-designer-ariosh-limited,Senior / Intermediate Electrical Designer,posted|wp_id=81853|https://nigeria.mimusjobs.com/job/senior-intermediate-electrical-designer/,2026-09-22T08:44:57.774693,2006,5
0116f86c7c434c8c,https://www.myjobmag.com/job/digital-sales-manager-payinvert-limited,Digital Sales Manager,posted|wp_id=81857|https://nigeria.mimusjobs.com/job/digital-sales-manager/,2026-09-22T08:45:07.659201,2006,6
f30e331ad099f853,https://www.myjobmag.com/job/mobile-developer-payinvert-limited,Mobile Developer,posted|wp_id=47922|https://nigeria.mimusjobs.com/job/mobile-developer/,2026-09-22T08:45:09.316555,2006,6
c53fa3baeb1efdec,https://www.myjobmag.com/job/human-resources-intern-solina-group,Human Resources Intern,posted|wp_id=21774|https://nigeria.mimusjobs.com/job/human-resources-intern/,2026-09-22T08:45:13.070385,2006,7
3f0e83674c4565a3,https://www.myjobmag.com/job/traffic-control-supervisor-trucrete-solutions-limited,Traffic Control Supervisor,posted|wp_id=81859|https://nigeria.mimusjobs.com/job/traffic-control-supervisor/,2026-09-22T08:45:18.983347,2006,8
aa1daf1c8060e686,https://www.myjobmag.com/job/concrete-supervisor-foreman-trucrete-solutions-limited,Concrete Supervisor/Foreman,posted|wp_id=81861|https://nigeria.mimusjobs.com/job/concrete-supervisor-foreman/,2026-09-22T08:45:22.068849,2006,8
6fe7a2f29654de62,https://www.myjobmag.com/job/operations-traffic-senior-manager-tbwa-concept,Operations/Traffic Senior Manager,posted|wp_id=81865|https://nigeria.mimusjobs.com/job/operations-traffic-senior-manager/,2026-09-22T08:45:29.134330,2006,9
b3cb0020bcdf556a,https://www.myjobmag.com/job/early-years-teacher-de-beautiful-beginning-school-3,Early Years Teacher,posted|wp_id=52926|https://nigeria.mimusjobs.com/job/early-years-teacher/,2026-09-22T08:45:32.803622,2006,10
cc7c269c6afb78b7,https://www.myjobmag.com/job/director-enterprise-sales-west-africa-clickatell-1,"Director, Enterprise Sales - West Africa",posted|wp_id=81869|https://nigeria.mimusjobs.com/job/director-enterprise-sales-west-africa/,2026-09-22T08:45:40.003878,2006,11
b492b9cbd69e57f5,https://www.myjobmag.com/job/fleet-supervisor-dreamworks-global-logistics-limited,Fleet Supervisor,posted|wp_id=6387|https://nigeria.mimusjobs.com/job/fleet-supervisor/,2026-09-22T08:45:43.686836,2006,12
0c6165956ce79f4e,https://www.myjobmag.com/job/consultant-orthopaedic-surgeon-lagoon-hospitals,Consultant - Orthopaedic Surgeon,posted|wp_id=73956|https://nigeria.mimusjobs.com/job/consultant-orthopaedic-surgeon/,2026-09-22T08:45:49.106677,2006,13
bf91a26d1fdb453c,https://www.myjobmag.com/job/consultant-obstetrician-gynaecologist-lagoon-hospitals,Consultant - Obstetrician & Gynaecologist,posted|wp_id=45047|https://nigeria.mimusjobs.com/job/consultant-obstetrician-gynaecologist/,2026-09-22T08:45:50.536891,2006,13
0f0badd362ef178e,https://www.myjobmag.com/job/consultant-paediatrician-lagoon-hospitals-1,Consultant - Paediatrician,posted|wp_id=41853|https://nigeria.mimusjobs.com/job/consultant-paediatrician/,2026-09-22T08:45:51.994955,2006,13
2ea865ee8a13e2d9,https://www.myjobmag.com/job/consultant-general-surgeon-lagoon-hospitals-1,Consultant - General Surgeon,posted|wp_id=73970|https://nigeria.mimusjobs.com/job/consultant-general-surgeon/,2026-09-22T08:45:53.535226,2006,13
3f2c2bb6e7cc4d28,https://www.myjobmag.com/job/fertility-nurse-trainee-lily-hospitals-limited-2,Fertility Nurse Trainee,posted|wp_id=60135|https://nigeria.mimusjobs.com/job/fertility-nurse-trainee/,2026-09-22T08:45:57.366267,2006,14
4ecc962f66dc4a95,https://www.myjobmag.com/job/deputy-national-finance-officer-nihr-national-institute-for-health-research,Deputy National Finance Officer,posted|wp_id=81875|https://nigeria.mimusjobs.com/job/deputy-national-finance-officer/,2026-09-22T08:46:05.705225,2006,15
db51d6154a432d14,https://www.myjobmag.com/job/personal-assistant-to-managing-director-totalenergies,Personal Assistant to Managing Director,posted|wp_id=81877|https://nigeria.mimusjobs.com/job/personal-assistant-to-managing-director/,2026-09-22T08:46:11.219866,2006,16
7f90595bec0fd9af,https://www.myjobmag.com/job/executive-assistant-baines-credit-microfinance-bank,Executive Assistant,posted|wp_id=2569|https://nigeria.mimusjobs.com/job/executive-assistant/,2026-09-22T08:46:16.837045,2006,17
a92eaa2d5048c757,https://www.myjobmag.com/job/experienced-vice-principal-keen-british-school-1,Experienced Vice Principal,posted|wp_id=81881|https://nigeria.mimusjobs.com/job/experienced-vice-principal/,2026-09-22T08:46:22.601706,2006,18
fb9eb8aeb6b600ab,https://www.myjobmag.com/job/general-manager-agbeyewa-farms-4,General Manager,posted|wp_id=18482|https://nigeria.mimusjobs.com/job/general-manager/,2026-09-22T08:46:26.255262,2006,19
1032b1ce740d0b0c,https://www.myjobmag.com/job/head-of-engineering-agbeyewa-farms-3,Head of Engineering,posted|wp_id=10168|https://nigeria.mimusjobs.com/job/head-of-engineering/,2026-09-22T08:46:27.566979,2006,19
888cf5086041c73f,https://www.myjobmag.com/job/senior-field-service-engineer-buhler-nigeria,Senior Field Service Engineer,posted|wp_id=12309|https://nigeria.mimusjobs.com/job/senior-field-service-engineer/,2026-09-22T08:46:31.866455,2006,20
bd80d9af8ae6f9cc,https://www.myjobmag.com/job/experienced-ambulance-driver-flying-doctors-nigeria-2,Experienced Ambulance Driver,posted|wp_id=81886|https://nigeria.mimusjobs.com/job/experienced-ambulance-driver/,2026-09-22T08:46:37.651234,2006,21
f2216196b908da82,https://www.myjobmag.com/job/medical-doctor-flying-doctors-nigeria,Medical Doctor,posted|wp_id=27087|https://nigeria.mimusjobs.com/job/medical-doctor/,2026-09-22T08:46:38.978317,2006,21
dc9f9bb6660f8b11,https://www.myjobmag.com/job/graphic-motion-designer-etranzact,Graphic / Motion Designer,posted|wp_id=66232|https://nigeria.mimusjobs.com/job/graphic-motion-designer/,2026-09-22T08:46:42.606373,2006,22
02a7b5ac068a4160,https://www.myjobmag.com/job/content-writer-nysc-contract-etranzact,Content Writer (NYSC/Contract),posted|wp_id=81888|https://nigeria.mimusjobs.com/job/content-writer-nysc-contract/,2026-09-22T08:46:45.711100,2006,22
74fdf6d26ee40e0b,https://www.myjobmag.com/job/product-manager-etranzact-4,Product Manager,posted|wp_id=1967|https://nigeria.mimusjobs.com/job/product-manager/,2026-09-22T08:46:47.116314,2006,22
386d43ae0dcabab1,https://www.myjobmag.com/job/product-marketing-manager-etranzact-1,Product Marketing Manager,posted|wp_id=54193|https://nigeria.mimusjobs.com/job/product-marketing-manager/,2026-09-22T08:46:48.385591,2006,22
12bb1b3be05b596c,https://www.myjobmag.com/job/user-industry-researcher-mid-senior-etranzact,User / Industry Researcher (Mid/Senior),posted|wp_id=81890|https://nigeria.mimusjobs.com/job/user-industry-researcher-mid-senior/,2026-09-22T08:46:51.691972,2006,22
52f1a995a0516e7b,https://www.myjobmag.com/job/product-designer-etranzact-1,Product Designer,posted|wp_id=49164|https://nigeria.mimusjobs.com/job/product-designer/,2026-09-22T08:46:53.102843,2006,22
b6a339533ec545b3,https://www.myjobmag.com/job/transport-and-logistics-officer-african-union-au,Transport and Logistics Officer,posted|wp_id=81894|https://nigeria.mimusjobs.com/job/transport-and-logistics-officer/,2026-09-22T08:47:00.902581,2006,23
56d0147a000e2117,https://www.myjobmag.com/job/medical-warehouse-management-officer-african-union-au,Medical Warehouse Management Officer,posted|wp_id=81898|https://nigeria.mimusjobs.com/job/medical-warehouse-management-officer/,2026-09-22T08:47:06.305309,2006,23
a362efda86bbee86,https://www.myjobmag.com/job/market-intelligence-officer-african-union-au,Market Intelligence Officer,posted|wp_id=81902|https://nigeria.mimusjobs.com/job/market-intelligence-officer/,2026-09-22T08:47:11.109177,2006,23
5da2588baf98919d,https://www.myjobmag.com/job/quality-assurance-officer-african-union-au,Quality Assurance Officer,posted|wp_id=22374|https://nigeria.mimusjobs.com/job/quality-assurance-officer/,2026-09-22T08:47:13.938706,2006,23
a693197cf5e44850,https://www.myjobmag.com/job/senior-quantification-and-data-visibility-officer-african-union-au,Senior Quantification and Data Visibility Officer,posted|wp_id=81908|https://nigeria.mimusjobs.com/job/senior-quantification-and-data-visibility-officer/,2026-09-22T08:47:18.487023,2006,23
1b5a4d2280e6ff2a,https://www.myjobmag.com/job/lead-warehouse-and-distribution-officer-african-union-au,"Lead, Warehouse and Distribution Officer",posted|wp_id=81912|https://nigeria.mimusjobs.com/job/lead-warehouse-and-distribution-officer/,2026-09-22T08:47:22.967553,2006,23
4b01cadbecda8c3b,https://www.myjobmag.com/job/erp-officer-materials-management-african-union-au,ERP Officer - Materials Management,posted|wp_id=81916|https://nigeria.mimusjobs.com/job/erp-officer-materials-management/,2026-09-22T08:47:27.453523,2006,23
edb93ff2ddcf38da,https://www.myjobmag.com/job/head-transaction-operations-credit-direct-limited-1,"Head, Transaction Operations",posted|wp_id=81918|https://nigeria.mimusjobs.com/job/head-transaction-operations/,2026-09-22T08:47:33.041971,2006,24
d3cba25501533009,https://www.myjobmag.com/job/gender-equity-and-social-inclusion-gesi-coordinator-sahel-consulting-agriculture-and-nutrition-limited,Gender Equity and Social Inclusion (GESI) Coordinator,posted|wp_id=81920|https://nigeria.mimusjobs.com/job/gender-equity-and-social-inclusion-gesi-coordinator/,2026-09-22T08:47:38.367494,2006,25
1ceaa49d84c4b431,https://www.myjobmag.com/job/monitoring-and-evaluation-consultant-sahel-consulting-agriculture-and-nutrition-limited,Monitoring and Evaluation Consultant,posted|wp_id=47884|https://nigeria.mimusjobs.com/job/monitoring-and-evaluation-consultant/,2026-09-22T08:47:39.564075,2006,25
8a88217fb090ef02,https://www.myjobmag.com/job/artificial-insemination-officer-sahel-consulting-agriculture-and-nutrition-limited-1,Artificial Insemination Officer,posted|wp_id=81922|https://nigeria.mimusjobs.com/job/artificial-insemination-officer/,2026-09-22T08:47:42.583889,2006,25
ca05b25c484a4571,https://www.myjobmag.com/job/digital-marketing-executive-sygnite-power-energy-solutions-limited,Digital Marketing Executive,posted|wp_id=28416|https://nigeria.mimusjobs.com/job/digital-marketing-executive/,2026-09-22T08:47:46.457331,2006,26
b760f270718577fb,https://www.myjobmag.com/job/warehouse-operative-stresert-services-limited-11,Warehouse Operative,posted|wp_id=81924|https://nigeria.mimusjobs.com/job/warehouse-operative/,2026-09-22T08:47:52.067536,2006,27
95db90bb252df19e,https://www.myjobmag.com/job/payroll-officer-british-council,Payroll Officer,posted|wp_id=10177|https://nigeria.mimusjobs.com/job/payroll-officer/,2026-09-22T08:47:55.911753,2006,28
357fcfe8cd18b08d,https://www.myjobmag.com/job/it-specialist-technical-assistant-epcm-engineers-limited,IT Specialist / Technical Assistant,posted|wp_id=81926|https://nigeria.mimusjobs.com/job/it-specialist-technical-assistant/,2026-09-22T08:48:02.068981,2006,29
60944de768455554,https://www.myjobmag.com/job/customer-success-associate-zest,Customer Success Associate,posted|wp_id=60942|https://nigeria.mimusjobs.com/job/customer-success-associate/,2026-09-22T08:48:05.826005,2006,30
7c95c0580d8ce9c1,https://www.myjobmag.com/job/reconciliation-analyst-zest,Reconciliation Analyst,posted|wp_id=60701|https://nigeria.mimusjobs.com/job/reconciliation-analyst/,2026-09-22T08:48:07.201113,2006,30
b533a356ba9fe0d9,https://www.myjobmag.com/job/revenue-assurance-analyst-zest,Revenue Assurance Analyst,posted|wp_id=77184|https://nigeria.mimusjobs.com/job/revenue-assurance-analyst/,2026-09-22T08:48:08.645182,2006,30
19e56bdb0abf4316,https://www.myjobmag.com/job/data-analyst-zest,Data Analyst,posted|wp_id=22833|https://nigeria.mimusjobs.com/job/data-analyst/,2026-09-22T08:48:09.901548,2006,30
e7334421de7309e9,https://www.myjobmag.com/job/finance-analyst-zest-1,Finance Analyst,posted|wp_id=13145|https://nigeria.mimusjobs.com/job/finance-analyst/,2026-09-22T08:48:11.174089,2006,30
e642988bdfcbb1db,https://www.myjobmag.com/job/director-business-development-fintech-enablers-eemea-mastercard-1,"Director, Business Development, Fintech & Enablers EEMEA",posted|wp_id=81928|https://nigeria.mimusjobs.com/job/director-business-development-fintech-enablers-eemea/,2026-09-22T08:48:16.842500,2006,31
bc586ed40ee17c62,https://www.myjobmag.com/job/science-lab-technician-alexandria-international-schools,Science Lab Technician,posted|wp_id=81932|https://nigeria.mimusjobs.com/job/science-lab-technician/,2026-09-22T08:48:24.619204,2006,32
9e0065e85286aac2,https://www.myjobmag.com/job/secondary-english-teacher-alexandria-international-schools,Secondary English Teacher,posted|wp_id=77940|https://nigeria.mimusjobs.com/job/secondary-english-teacher/,2026-09-22T08:48:25.924582,2006,32
475b01cec0d45ed9,https://www.myjobmag.com/job/front-desk-assistant-alexandria-international-schools,Front Desk Assistant,posted|wp_id=58321|https://nigeria.mimusjobs.com/job/front-desk-assistant/,2026-09-22T08:48:27.261999,2006,32
2f1163bc8b03a0ee,https://www.myjobmag.com/job/freelance-telemedicine-doctor-reliance-hmo-4,Freelance Telemedicine Doctor,posted|wp_id=81934|https://nigeria.mimusjobs.com/job/freelance-telemedicine-doctor/,2026-09-22T08:48:33.159640,2006,33
280db5cf659683f7,https://www.myjobmag.com/job/hvac-technician-cen-global-services-limited-2,HVAC Technician,posted|wp_id=21699|https://nigeria.mimusjobs.com/job/hvac-technician/,2026-09-22T08:48:36.890419,2006,34
aa16fb45ba2916cc,https://www.myjobmag.com/job/fleet-logistics-officer-cen-global-services-limited,Fleet / Logistics Officer,posted|wp_id=26784|https://nigeria.mimusjobs.com/job/fleet-logistics-officer/,2026-09-22T08:48:38.151639,2006,34
a87389982a612c34,https://www.myjobmag.com/job/dispatch-rider-parcel-exchange-15,Dispatch Rider,posted|wp_id=2499|https://nigeria.mimusjobs.com/job/dispatch-rider/,2026-09-22T08:48:43.622136,2006,35
2cc59d0accd689d6,https://www.myjobmag.com/job/social-media-manager-dreams-placement-hub-1,Social Media Manager,posted|wp_id=4985|https://nigeria.mimusjobs.com/job/social-media-manager/,2026-09-22T08:48:52.409152,2007,2
7f7ab6d54829a961,https://www.myjobmag.com/job/accounting-finance-systems-specialists-tecon-oil-services-limited,"Accounting, Finance & Systems Specialists",posted|wp_id=81946|https://nigeria.mimusjobs.com/job/accounting-finance-systems-specialists/,2026-09-22T08:48:59.953297,2007,3
fd890c69d786dd68,https://www.myjobmag.com/job/school-counselor-start-rite-schools,School Counselor,posted|wp_id=29030|https://nigeria.mimusjobs.com/job/school-counselor/,2026-09-22T08:49:03.924397,2007,4
9fb2551be9487a00,https://www.myjobmag.com/job/senior-executive-btl-strategy-execution-brand-activation-events-brandeye-media,Senior Executive – BTL Strategy & Execution (Brand Activation & Events),posted|wp_id=81950|https://nigeria.mimusjobs.com/job/senior-executive-btl-strategy-execution-brand-activation-events/,2026-09-22T08:49:12.038460,2007,5
c622f15cd3581f1e,https://www.myjobmag.com/job/it-help-desk-ascentech-services-limited,IT Help Desk,posted|wp_id=81952|https://nigeria.mimusjobs.com/job/it-help-desk/,2026-09-22T08:49:18.031625,2007,6
83ae5566b1d0c07d,https://www.myjobmag.com/job/accountant-papalanto-paras-energy,Accountant - Papalanto,posted|wp_id=81954|https://nigeria.mimusjobs.com/job/accountant-papalanto/,2026-09-22T08:49:23.538968,2007,7
7bf551eb37f72d5c,https://www.myjobmag.com/job/sales-enterprise-growth-manager-egm-phase3-telecom,Sales - Enterprise Growth Manager (EGM),posted|wp_id=81956|https://nigeria.mimusjobs.com/job/sales-enterprise-growth-manager-egm/,2026-09-22T08:49:28.924083,2007,8
4d74f6fef6177fec,https://www.myjobmag.com/job/office-assistant-fort-knox-group-3,Office Assistant,posted|wp_id=6741|https://nigeria.mimusjobs.com/job/office-assistant/,2026-09-22T08:49:32.713127,2007,9
a5d235d19689e78a,https://www.myjobmag.com/job/regional-sales-business-manager-west-lagos-superior-pharmaceuticals-limited,Regional Sales Business Manager West / Lagos,posted|wp_id=81960|https://nigeria.mimusjobs.com/job/regional-sales-business-manager-west-lagos/,2026-09-22T08:49:41.176173,2007,10
24fc92aaac08cd8e,https://www.myjobmag.com/job/telesales-and-telemarketers-superior-pharmaceuticals-limited,Telesales and Telemarketers,posted|wp_id=81962|https://nigeria.mimusjobs.com/job/telesales-and-telemarketers/,2026-09-22T08:49:46.588052,2007,11
fcb71e8876e5855b,https://www.myjobmag.com/job/marketing-executive-fadac-resources-6,Marketing Executive,posted|wp_id=5006|https://nigeria.mimusjobs.com/job/marketing-executive/,2026-09-22T08:49:50.282068,2007,12
f835366526b3d046,https://www.myjobmag.com/job/in-store-merchandiser-fadac-resources-1,In-Store Merchandiser,posted|wp_id=28509|https://nigeria.mimusjobs.com/job/in-store-merchandiser/,2026-09-22T08:49:51.778899,2007,12
eb4ef5c17069b566,https://www.myjobmag.com/job/asset-management-manager-fadac-resources,Asset Management Manager,posted|wp_id=81964|https://nigeria.mimusjobs.com/job/asset-management-manager/,2026-09-22T08:49:54.899289,2007,12
35b43cedcdd4374a,https://www.myjobmag.com/job/process-analyst-watu-credit-limited-6,Process Analyst,posted|wp_id=80657|https://nigeria.mimusjobs.com/job/process-analyst/,2026-09-22T08:49:58.667624,2007,13
82c0641dba59b486,https://www.myjobmag.com/job/head-of-finance-watu-credit-limited-1,Head of Finance,posted|wp_id=4668|https://nigeria.mimusjobs.com/job/head-of-finance/,2026-09-22T08:50:00.214031,2007,13
82f05a94da5caaa7,https://www.myjobmag.com/job/graphic-designer-fcmb,Graphic Designer,posted|wp_id=16166|https://nigeria.mimusjobs.com/job/graphic-designer/,2026-09-22T08:50:04.420257,2007,14
7a847ddb85ece7fd,https://www.myjobmag.com/job/direct-sales-executive-vale-finance-limited,Direct Sales Executive,posted|wp_id=22039|https://nigeria.mimusjobs.com/job/direct-sales-executive/,2026-09-22T08:50:08.529699,2007,15
e515604a134bb0b0,https://www.myjobmag.com/job/marketing-specialist-blockchain-nigeria-1,Marketing Specialist,posted|wp_id=17315|https://nigeria.mimusjobs.com/job/marketing-specialist/,2026-09-22T08:50:16.881050,2007,16
9e6656b22088c140,https://www.myjobmag.com/job/medical-delegate-ibadan-shalina-healthcare,Medical Delegate - Ibadan,posted|wp_id=81968|https://nigeria.mimusjobs.com/job/medical-delegate-ibadan/,2026-09-22T08:50:22.443295,2007,17
ee784d69077df9d0,https://www.myjobmag.com/job/medical-delegate-maiduguri-shalina-healthcare,Medical Delegate - Maiduguri,posted|wp_id=81970|https://nigeria.mimusjobs.com/job/medical-delegate-maiduguri/,2026-09-22T08:50:25.420368,2007,17
f34f5a1b8560299b,https://www.myjobmag.com/job/medical-delegate-kano-shalina-healthcare,Medical Delegate - Kano,posted|wp_id=81972|https://nigeria.mimusjobs.com/job/medical-delegate-kano/,2026-09-22T08:50:29.137788,2007,17
d0df29465b263378,https://www.myjobmag.com/job/cardiovascular-disease-cvd-delegate-shalina-healthcare,Cardiovascular Disease (CVD) Delegate,posted|wp_id=81974|https://nigeria.mimusjobs.com/job/cardiovascular-disease-cvd-delegate/,2026-09-22T08:50:32.299368,2007,17
c863c03021fc2da1,https://www.myjobmag.com/job/sexual-and-reproductive-health-and-rights-technical-officer-anambra-jhpiego,Sexual and Reproductive Health and Rights Technical Officer (Anambra),posted|wp_id=81976|https://nigeria.mimusjobs.com/job/sexual-and-reproductive-health-and-rights-technical-officer-anambra/,2026-09-22T08:50:37.820235,2007,18
01aeea54aa0e1ee3,https://www.myjobmag.com/job/key-account-manager-layer3-11,Key Account Manager,posted|wp_id=25837|https://nigeria.mimusjobs.com/job/key-account-manager/,2026-09-22T08:50:41.492433,2007,19
56073878726efaf7,https://www.myjobmag.com/job/regional-operations-display-manager-transsion-holdings,Regional Operations & Display Manager,posted|wp_id=81978|https://nigeria.mimusjobs.com/job/regional-operations-display-manager/,2026-09-22T08:50:46.895385,2007,20
6f36079c09708939,https://www.myjobmag.com/job/neighborhood-sales-officer-the-agric-culture-company,Neighborhood Sales Officer,posted|wp_id=81982|https://nigeria.mimusjobs.com/job/neighborhood-sales-officer/,2026-09-22T08:50:54.613841,2007,21
8047a73bf04b2720,https://www.myjobmag.com/job/controller-inventory-order-processing-dp-world,"Controller, Inventory (Order Processing)",posted|wp_id=81984|https://nigeria.mimusjobs.com/job/controller-inventory-order-processing/,2026-09-22T08:51:00.604397,2007,22
26e50822fb265abe,https://www.myjobmag.com/job/audit-associate-zurishaddai-recruitment-agency,Audit Associate,posted|wp_id=60153|https://nigeria.mimusjobs.com/job/audit-associate/,2026-09-22T08:51:04.582188,2007,23
96c98d9ffb6df9c9,https://www.myjobmag.com/job/lecturer-fashion-clothing-technology-zurishaddai-recruitment-agency,Lecturer - Fashion & Clothing Technology,posted|wp_id=81986|https://nigeria.mimusjobs.com/job/lecturer-fashion-clothing-technology/,2026-09-22T08:51:08.124083,2007,23
c8a6fa61aabcee04,https://www.myjobmag.com/job/business-administration-management-lecturer-zurishaddai-recruitment-agency,Business Administration & Management Lecturer,posted|wp_id=81988|https://nigeria.mimusjobs.com/job/business-administration-management-lecturer/,2026-09-22T08:51:11.692237,2007,23
b559cdc80be5b984,https://www.myjobmag.com/job/lecturer-electrical-electronics-technology-accountancy-zurishaddai-recruitment-agency,Lecturer - Electrical / Electronics Technology Accountancy,posted|wp_id=81990|https://nigeria.mimusjobs.com/job/lecturer-electrical-electronics-technology-accountancy/,2026-09-22T08:51:15.054264,2007,23
50851032f25a321d,https://www.myjobmag.com/job/lecturer-statistics-zurishaddai-recruitment-agency,Lecturer (Statistics),posted|wp_id=81992|https://nigeria.mimusjobs.com/job/lecturer-statistics/,2026-09-22T08:51:18.266682,2007,23
8edb8a2cc8566aeb,https://www.myjobmag.com/job/lecturer-computer-science-zurishaddai-recruitment-agency,Lecturer (Computer Science),posted|wp_id=49319|https://nigeria.mimusjobs.com/job/lecturer-computer-science/,2026-09-22T08:51:19.711266,2007,23
d158e9ae7703a154,https://www.myjobmag.com/job/lecturer-accounting-zurishaddai-recruitment-agency,Lecturer (Accounting),posted|wp_id=49611|https://nigeria.mimusjobs.com/job/lecturer-accounting/,2026-09-22T08:51:21.052086,2007,23
5ecb269f07b1830b,https://www.myjobmag.com/job/lecturer-taxation-zurishaddai-recruitment-agency,Lecturer - Taxation,posted|wp_id=81994|https://nigeria.mimusjobs.com/job/lecturer-taxation/,2026-09-22T08:51:24.420161,2007,23
81a016890c426741,https://www.myjobmag.com/job/manager-gcr-ernst-and-young,Manager-GCR,posted|wp_id=81996|https://nigeria.mimusjobs.com/job/manager-gcr/,2026-09-22T08:51:29.867482,2007,24
0c2181562a0c652c,https://www.myjobmag.com/job/regional-sales-manager-pagatech-limited-4,Regional Sales Manager,posted|wp_id=22415|https://nigeria.mimusjobs.com/job/regional-sales-manager/,2026-09-22T08:51:33.568445,2007,25
5bafab0e788bdc6d,https://www.myjobmag.com/job/acquisition-partners-pagatech-limited-1,Acquisition Partners,posted|wp_id=81998|https://nigeria.mimusjobs.com/job/acquisition-partners/,2026-09-22T08:51:36.595787,2007,25
5eaac3967dd7efe0,https://www.myjobmag.com/job/key-account-manager-pagatech-limited-5,Key Account Manager,posted|wp_id=25837|https://nigeria.mimusjobs.com/job/key-account-manager/,2026-09-22T08:51:37.858345,2007,25
2ab423b69cc7679d,https://www.myjobmag.com/job/rigger-foremen-sterling-oil-exploration-amp-energy-production-company-limited-seepco,Rigger Foremen,posted|wp_id=82000|https://nigeria.mimusjobs.com/job/rigger-foremen/,2026-09-22T08:51:43.790765,2007,26
12cf8151d34348b2,https://www.myjobmag.com/job/consultant-medical-assistant-international-organization-for-migration,Consultant - Medical Assistant,posted|wp_id=82002|https://nigeria.mimusjobs.com/job/consultant-medical-assistant/,2026-09-22T08:51:49.481333,2007,27
a7df124098ca3ab4,https://www.myjobmag.com/job/project-assistant-shelter-nfi-international-organization-for-migration,"Project Assistant, Shelter - NFI",posted|wp_id=82004|https://nigeria.mimusjobs.com/job/project-assistant-shelter-nfi/,2026-09-22T08:51:52.632461,2007,27
2f8eb3d6bcae368c,https://www.myjobmag.com/job/consultant-migration-health-physician-international-organization-for-migration,Consultant - Migration Health Physician,posted|wp_id=82006|https://nigeria.mimusjobs.com/job/consultant-migration-health-physician/,2026-09-22T08:51:55.921571,2007,27
43daa626d1779026,https://www.myjobmag.com/job/migration-health-physician-maternity-relief-international-organization-for-migration,Migration Health Physician (Maternity Relief),posted|wp_id=82008|https://nigeria.mimusjobs.com/job/migration-health-physician-maternity-relief/,2026-09-22T08:51:59.282705,2007,27
0e86af728d869759,https://www.myjobmag.com/job/consultant-radiologic-technologist-international-organization-for-migration,Consultant - Radiologic Technologist,posted|wp_id=82010|https://nigeria.mimusjobs.com/job/consultant-radiologic-technologist/,2026-09-22T08:52:02.786376,2007,27
3ac74361d43d47ee,https://www.myjobmag.com/job/qc-officer-seed-procurement-wacot-limited-1,"QC Officer, Seed Procurement",posted|wp_id=82014|https://nigeria.mimusjobs.com/job/qc-officer-seed-procurement/,2026-09-22T08:52:12.356024,2007,28
9dbc70c5f7ee0f47,https://www.myjobmag.com/job/crypto-sales-lead-ng-flutterwave,Crypto Sales Lead (NG),posted|wp_id=82016|https://nigeria.mimusjobs.com/job/crypto-sales-lead-ng/,2026-09-22T08:52:17.980264,2007,29
3de4b8a60db8c2b7,https://www.myjobmag.com/job/cleaner-danish-refugee-council-drc,Cleaner,posted|wp_id=2014|https://nigeria.mimusjobs.com/job/cleaner/,2026-09-22T08:52:21.720288,2007,30
e1ef1cb2500051f8,https://www.myjobmag.com/job/casual-worker-cook-cleaner-danish-refugee-council-drc,Casual Worker - Cook / Cleaner,posted|wp_id=82018|https://nigeria.mimusjobs.com/job/casual-worker-cook-cleaner/,2026-09-22T08:52:24.733446,2007,30
95a3363c5ae75f6c,https://www.myjobmag.com/job/casual-worker-driver-danish-refugee-council-drc,Casual Worker - Driver,posted|wp_id=82020|https://nigeria.mimusjobs.com/job/casual-worker-driver/,2026-09-22T08:52:27.640499,2007,30
cada515e3cf283b2,https://www.myjobmag.com/job/pm-community-based-protection-officer-cbp-officer-danish-refugee-council-drc,PM / Community-Based Protection Officer (CBP) Officer,posted|wp_id=82022|https://nigeria.mimusjobs.com/job/pm-community-based-protection-officer-cbp-officer/,2026-09-22T08:52:31.296260,2007,30
af02a2e790eaabd2,https://www.myjobmag.com/job/senior-category-buyer-glovo-4,Senior Category Buyer,posted|wp_id=82024|https://nigeria.mimusjobs.com/job/senior-category-buyer/,2026-09-22T08:52:36.874151,2007,31
864ec7d05d2ac27d,https://www.myjobmag.com/job/principal-the-ihechukwu-madubuike-institute-of-technology-imit,Principal,posted|wp_id=22881|https://nigeria.mimusjobs.com/job/principal/,2026-09-22T08:52:42.511961,2007,32
5a4006312d85a6d6,https://www.myjobmag.com/job/mathematics-teacher-the-ihechukwu-madubuike-institute-of-technology-imit,Mathematics Teacher,posted|wp_id=687|https://nigeria.mimusjobs.com/job/mathematics-teacher/,2026-09-22T08:52:43.787015,2007,32
a45dbdd611bbac1a,https://www.myjobmag.com/job/igbo-teacher-the-ihechukwu-madubuike-institute-of-technology-imit,Igbo Teacher,posted|wp_id=53703|https://nigeria.mimusjobs.com/job/igbo-teacher/,2026-09-22T08:52:45.051660,2007,32
477b996e4aef4c12,https://www.myjobmag.com/job/sports-director-physical-and-health-education-the-ihechukwu-madubuike-institute-of-technology-imit,Sports Director - Physical and Health Education,posted|wp_id=82028|https://nigeria.mimusjobs.com/job/sports-director-physical-and-health-education/,2026-09-22T08:52:47.984702,2007,32
eb835ccae4d4a9db,https://www.myjobmag.com/job/medical-sales-representative-associate-medical-representative-superior-pharmaceuticals-limited-3,Medical Sales Representative/ Associate Medical Representative,posted|wp_id=82030|https://nigeria.mimusjobs.com/job/medical-sales-representative-associate-medical-representative/,2026-09-22T08:52:55.034900,2007,33
e2631b40931baa9b,https://www.myjobmag.com/job/insurance-account-officer-fortis-global-insurance-plc,Insurance Account Officer,posted|wp_id=82037|https://nigeria.mimusjobs.com/job/insurance-account-officer/,2026-09-22T08:53:03.147407,2007,34
def19092a7dcd9f8,https://www.myjobmag.com/job/entry-level-laboratory-assistant-avatar-new-energy-materials-company-limited-3,Entry Level Laboratory Assistant,posted|wp_id=82042|https://nigeria.mimusjobs.com/job/entry-level-laboratory-assistant/,2026-09-22T08:53:08.856946,2007,35
5debfef1c456f03f,https://www.myjobmag.com/job/sales-executive-benin-reelfruit-5,Sales Executive (Benin),posted|wp_id=82045|https://nigeria.mimusjobs.com/job/sales-executive-benin/,2026-09-22T08:53:17.581733,2008,2
c831d7125b91edb7,https://www.myjobmag.com/job/housekeeping-supervisor-abeokuta-reelfruit-6,Housekeeping Supervisor (Abeokuta),posted|wp_id=82048|https://nigeria.mimusjobs.com/job/housekeeping-supervisor-abeokuta/,2026-09-22T08:53:20.623223,2008,2
4022a4b2fa419bc0,https://www.myjobmag.com/job/insurance-officer-westfield-consulting,Insurance Officer,posted|wp_id=43199|https://nigeria.mimusjobs.com/job/insurance-officer/,2026-09-22T08:53:24.405638,2008,3
b0190ada0e80887c,https://www.myjobmag.com/job/ict-supervisor-medecins-sans-frontieres-10,ICT Supervisor,posted|wp_id=70599|https://nigeria.mimusjobs.com/job/ict-supervisor/,2026-09-22T08:53:28.234852,2008,4
9528ee5d22347439,https://www.myjobmag.com/job/national-cook-whassan-nigeria-limited-6,National Cook,posted|wp_id=42500|https://nigeria.mimusjobs.com/job/national-cook/,2026-09-22T08:53:31.844436,2008,5
8e73facd14541d8d,https://www.myjobmag.com/job/continental-cook-whassan-nigeria-limited-4,Continental Cook,posted|wp_id=42498|https://nigeria.mimusjobs.com/job/continental-cook/,2026-09-22T08:53:33.117486,2008,5
de1a26f746d21532,https://www.myjobmag.com/job/office-support-isolo-jibs-ray-nigeria-limited,Office Support - Isolo,posted|wp_id=82064|https://nigeria.mimusjobs.com/job/office-support-isolo/,2026-09-22T08:53:40.045285,2008,6
7374b47f2797e5d4,https://www.myjobmag.com/job/office-assistant-surulere-jibs-ray-nigeria-limited,Office Assistant - Surulere,posted|wp_id=82068|https://nigeria.mimusjobs.com/job/office-assistant-surulere/,2026-09-22T08:53:43.084868,2008,6
6c86da85ba9b7d79,https://www.myjobmag.com/job/direct-sales-executive-dse-ipnx-nigeria-limited,Direct Sales Executive (DSE),posted|wp_id=20600|https://nigeria.mimusjobs.com/job/direct-sales-executive-dse/,2026-09-22T08:53:46.800370,2008,7
352be610c58e8554,https://www.myjobmag.com/job/quality-assurance-officer-reelfruit-1,Quality Assurance Officer,posted|wp_id=22374|https://nigeria.mimusjobs.com/job/quality-assurance-officer/,2026-09-22T08:53:50.646686,2008,8
7d3e26d73bb6c170,https://www.myjobmag.com/job/crm-copy-writer-moniepoint-1,CRM Copy Writer,posted|wp_id=69108|https://nigeria.mimusjobs.com/job/crm-copy-writer/,2026-09-22T08:53:54.549846,2008,9
5778040d1beeda15,https://www.myjobmag.com/job/cx-research-analyst-moniepoint-1,CX Research Analyst,posted|wp_id=82076|https://nigeria.mimusjobs.com/job/cx-research-analyst/,2026-09-22T08:53:58.056278,2008,9
835bce5e5253578d,https://www.myjobmag.com/job/cx-research-team-lead-moniepoint,CX Research Team Lead,posted|wp_id=82080|https://nigeria.mimusjobs.com/job/cx-research-team-lead/,2026-09-22T08:54:01.429877,2008,9
f4bab728af9caba4,https://www.myjobmag.com/job/telesales-agent-moniepoint,Telesales Agent,posted|wp_id=39286|https://nigeria.mimusjobs.com/job/telesales-agent/,2026-09-22T08:54:03.285929,2008,9
ec3de67051e62297,https://www.myjobmag.com/job/pharmacist-nigeria-lng,Pharmacist,posted|wp_id=6855|https://nigeria.mimusjobs.com/job/pharmacist/,2026-09-22T08:54:06.937175,2008,10
18d16aa6c44b4a63,https://www.myjobmag.com/job/general-manager-hse-ncd-western-development-company-limited-wdcl,"General Manager, HSE / NCD",posted|wp_id=82087|https://nigeria.mimusjobs.com/job/general-manager-hse-ncd/,2026-09-22T08:54:12.511214,2008,11
cad9b4a5dd49b587,https://www.myjobmag.com/job/logistics-executive-cig-motor-ltd,Logistics Executive,posted|wp_id=57124|https://nigeria.mimusjobs.com/job/logistics-executive/,2026-09-22T08:54:16.226894,2008,12
a36e7e94d8621a9a,https://www.myjobmag.com/job/fleet-manager-lagride-cig-motor-ltd,Fleet Manager (Lagride),posted|wp_id=82092|https://nigeria.mimusjobs.com/job/fleet-manager-lagride/,2026-09-22T08:54:19.295884,2008,12
ed81d6d931800cd4,https://www.myjobmag.com/job/relationship-manager-affluent-banking-providus-bank,Relationship Manager - Affluent Banking,posted|wp_id=82096|https://nigeria.mimusjobs.com/job/relationship-manager-affluent-banking/,2026-09-22T08:54:24.959696,2008,13
cc396906068f7809,https://www.myjobmag.com/job/relationship-manager-private-banking-providus-bank,Relationship Manager - Private Banking,posted|wp_id=55811|https://nigeria.mimusjobs.com/job/relationship-manager-private-banking/,2026-09-22T08:54:26.261161,2008,13
a5383300392ee2c5,https://www.myjobmag.com/job/relationship-manager-transaction-banking-providus-bank,Relationship Manager- Transaction Banking,posted|wp_id=82100|https://nigeria.mimusjobs.com/job/relationship-manager-transaction-banking/,2026-09-22T08:54:29.277864,2008,13
821e5288509794eb,https://www.myjobmag.com/job/relationship-manager-institutional-banking-providus-bank,Relationship Manager - Institutional Banking,posted|wp_id=82104|https://nigeria.mimusjobs.com/job/relationship-manager-institutional-banking/,2026-09-22T08:54:32.313073,2008,13
15dbbdd2cddf4de9,https://www.myjobmag.com/job/relationship-manager-emerging-corporates-providus-bank,Relationship Manager - Emerging Corporates,posted|wp_id=82106|https://nigeria.mimusjobs.com/job/relationship-manager-emerging-corporates/,2026-09-22T08:54:35.508326,2008,13
d5e4cb385de41bae,https://www.myjobmag.com/job/enterprise-sales-executive-connectivity-consultant-alfred-amp-victoria-associates-7,Enterprise Sales Executive (Connectivity Consultant),posted|wp_id=82110|https://nigeria.mimusjobs.com/job/enterprise-sales-executive-connectivity-consultant/,2026-09-22T08:54:41.172580,2008,14
21d1e70dd618e975,https://www.myjobmag.com/job/procurement-sourcing-specialist-alfred-amp-victoria-associates,Procurement Sourcing Specialist,posted|wp_id=71421|https://nigeria.mimusjobs.com/job/procurement-sourcing-specialist/,2026-09-22T08:54:42.506796,2008,14
191004822ef90b39,https://www.myjobmag.com/job/procurement-documentation-officer-alfred-amp-victoria-associates,Procurement Documentation Officer,posted|wp_id=82114|https://nigeria.mimusjobs.com/job/procurement-documentation-officer/,2026-09-22T08:54:45.700645,2008,14
eae2e88cd4d34d42,https://www.myjobmag.com/job/noc-engineer-alfred-amp-victoria-associates-6,NOC Engineer,posted|wp_id=79746|https://nigeria.mimusjobs.com/job/noc-engineer/,2026-09-22T08:54:47.131236,2008,14
6f4a73147acc5dc1,https://www.myjobmag.com/job/application-support-manager-alfred-amp-victoria-associates,Application Support Manager,posted|wp_id=82116|https://nigeria.mimusjobs.com/job/application-support-manager/,2026-09-22T08:54:50.611649,2008,14
2bf43685d2aaab2b,https://www.myjobmag.com/job/material-handler-alfred-amp-victoria-associates-3,Material Handler,posted|wp_id=82120|https://nigeria.mimusjobs.com/job/material-handler/,2026-09-22T08:54:53.842356,2008,14
4387513f00c01525,https://www.myjobmag.com/job/executive-assistant-alfred-amp-victoria-associates-2,Executive Assistant,posted|wp_id=2569|https://nigeria.mimusjobs.com/job/executive-assistant/,2026-09-22T08:54:55.381406,2008,14
8d198f92a50d8537,https://www.myjobmag.com/job/head-of-enterprise-telecom-alfred-amp-victoria-associates,Head of Enterprise - Telecom,posted|wp_id=82124|https://nigeria.mimusjobs.com/job/head-of-enterprise-telecom/,2026-09-22T08:54:58.720770,2008,14
7f5e8c5e066815fb,https://www.myjobmag.com/job/digital-sales-executive-speedaf-nigeria-limited-1,Digital Sales Executive,posted|wp_id=21527|https://nigeria.mimusjobs.com/job/digital-sales-executive/,2026-09-22T08:55:02.757015,2008,15
aadaffc2f46d3e55,https://www.myjobmag.com/job/production-and-material-planner-sap-grand-cereals-limited,Production and Material Planner (SAP),posted|wp_id=82132|https://nigeria.mimusjobs.com/job/production-and-material-planner-sap/,2026-09-22T08:55:11.704409,2008,16
fb92d12298a569c7,https://www.myjobmag.com/job/technical-sales-engineer-lonadek-1,Technical Sales Engineer,posted|wp_id=20532|https://nigeria.mimusjobs.com/job/technical-sales-engineer/,2026-09-22T08:55:15.482282,2008,17
c64f186d3f970080,https://www.myjobmag.com/job/r-d-manager-proforce-limited-1,R&D Manager,posted|wp_id=82136|https://nigeria.mimusjobs.com/job/rd-manager/,2026-09-22T08:55:21.351106,2008,18
284d66731e8753d7,https://www.myjobmag.com/job/technical-design-manager-proforce-limited-8,Technical Design Manager,posted|wp_id=82140|https://nigeria.mimusjobs.com/job/technical-design-manager/,2026-09-22T08:55:24.494634,2008,18
7f7c42e2ddd6f017,https://www.myjobmag.com/job/brand-manager-detail-and-avedia-consulting-2,Brand Manager,posted|wp_id=3441|https://nigeria.mimusjobs.com/job/brand-manager/,2026-09-22T08:55:28.241480,2008,19
6cca738805c88c65,https://www.myjobmag.com/job/client-acquistion-lead-detail-and-avedia-consulting,Client Acquistion Lead,posted|wp_id=82146|https://nigeria.mimusjobs.com/job/client-acquistion-lead/,2026-09-22T08:55:31.811556,2008,19
48a0ab574cea384b,https://www.myjobmag.com/job/technology-operations-intern-ash-nelson-partners-limited,Technology Operations Intern,posted|wp_id=82156|https://nigeria.mimusjobs.com/job/technology-operations-intern/,2026-09-22T08:55:39.319364,2008,20
977dc443afcdfd9c,https://www.myjobmag.com/job/facility-manager-churchgate-group-1,Facility Manager,posted|wp_id=20425|https://nigeria.mimusjobs.com/job/facility-manager/,2026-09-22T08:55:43.259704,2008,21
8ec3ed0d8b1051c8,https://www.myjobmag.com/job/account-intern-mediplan-healthcare,Account Intern,posted|wp_id=12853|https://nigeria.mimusjobs.com/job/account-intern/,2026-09-22T08:55:47.138095,2008,22
5752db876a801c33,https://www.myjobmag.com/job/medical-doctor-faith-dave-hospital,Medical Doctor,posted|wp_id=27087|https://nigeria.mimusjobs.com/job/medical-doctor/,2026-09-22T08:55:52.905868,2008,23
4325ec7d0d3a845d,https://www.myjobmag.com/job/registered-nurse-faith-dave-hospital,Registered Nurse,posted|wp_id=22326|https://nigeria.mimusjobs.com/job/registered-nurse/,2026-09-22T08:55:54.270145,2008,23
6f6c947afec4b23a,https://www.myjobmag.com/job/laboratory-scientist-faith-dave-hospital,Laboratory Scientist,posted|wp_id=42345|https://nigeria.mimusjobs.com/job/laboratory-scientist/,2026-09-22T08:55:55.698092,2008,23
ac9c96d2f7bf203a,https://www.myjobmag.com/job/pharmacist-faith-dave-hospital,Pharmacist,posted|wp_id=6855|https://nigeria.mimusjobs.com/job/pharmacist/,2026-09-22T08:55:57.026888,2008,23
b49b5cdc7f1df1ee,https://www.myjobmag.com/job/electrical-technician-faith-dave-hospital,Electrical Technician,posted|wp_id=20660|https://nigeria.mimusjobs.com/job/electrical-technician/,2026-09-22T08:55:58.280494,2008,23
96db2f856c0cde4c,https://www.myjobmag.com/job/branch-commercial-sales-manager-microsoft,Commercial Sales Manager,posted|wp_id=50619|https://nigeria.mimusjobs.com/job/commercial-sales-manager/,2026-09-22T08:56:02.209477,2008,24
c81aa0ecaa262abc,https://www.myjobmag.com/job/finance-intern-erpsoftapp-11,Finance Intern,posted|wp_id=2540|https://nigeria.mimusjobs.com/job/finance-intern/,2026-09-22T08:56:05.946860,2008,25
f28faaf1a30b8319,https://www.myjobmag.com/job/fibre-planner-wiocc-nigeria-limited,Fibre Planner,posted|wp_id=82171|https://nigeria.mimusjobs.com/job/fibre-planner/,2026-09-22T08:56:11.801897,2008,26
f0c48e747413519c,https://www.myjobmag.com/job/marketing-and-sales-officer-workforce-group,Marketing and Sales Officer,posted|wp_id=82176|https://nigeria.mimusjobs.com/job/marketing-and-sales-officer/,2026-09-22T08:56:17.346652,2008,27
1192d4386c1de019,https://www.myjobmag.com/job/assistant-supervisor-facility-the-church-of-jesus-christ-of-latter-day-saints-2,"Assistant Supervisor, Facility",posted|wp_id=82181|https://nigeria.mimusjobs.com/job/assistant-supervisor-facility/,2026-09-22T08:56:22.982658,2008,28
9f3cccc02e92f058,https://www.myjobmag.com/job/digital-customer-experience-data-analyst-coca-cola,Digital Customer Experience Data Analyst,posted|wp_id=82183|https://nigeria.mimusjobs.com/job/digital-customer-experience-data-analyst/,2026-09-22T08:56:28.475415,2008,29
12c993ebe975d9ff,https://www.myjobmag.com/job/senior-accountant-quickbooks-offshore-oil-gas-deep-blue-energy-services-limited,Senior Accountant - Quickbooks & Offshore Oil & Gas,posted|wp_id=82187|https://nigeria.mimusjobs.com/job/senior-accountant-quickbooks-offshore-oil-gas/,2026-09-22T08:56:34.567100,2008,30
c1ccf3091dea24ae,https://www.myjobmag.com/job/3d-simulation-animation-technician-deep-blue-energy-services-limited,3D Simulation / Animation Technician,posted|wp_id=82192|https://nigeria.mimusjobs.com/job/3d-simulation-animation-technician/,2026-09-22T08:56:37.656904,2008,30
715d0be4e6b8351f,https://www.myjobmag.com/job/rigging-supervisor-offshore-oil-gas-operations-deep-blue-energy-services-limited,Rigging Supervisor - Offshore Oil & Gas Operations,posted|wp_id=82197|https://nigeria.mimusjobs.com/job/rigging-supervisor-offshore-oil-gas-operations/,2026-09-22T08:56:40.680202,2008,30
138f4e31e51139f0,https://www.myjobmag.com/job/marine-installations-project-engineer-offshore-oil-gas-deep-blue-energy-services-limited,Marine Installations / Project Engineer - Offshore Oil & Gas,posted|wp_id=82200|https://nigeria.mimusjobs.com/job/marine-installations-project-engineer-offshore-oil-gas/,2026-09-22T08:56:44.017788,2008,30
963b2b0a23510e71,https://www.myjobmag.com/job/head-institutional-sales-alan-amp-grant-1,"Head, Institutional Sales",posted|wp_id=82205|https://nigeria.mimusjobs.com/job/head-institutional-sales/,2026-09-22T08:56:49.830741,2008,31
0acc5d6cdcdf74e1,https://www.myjobmag.com/job/non-academic-administrative-staff-white-diamonds-academy,Non-Academic Administrative Staff,posted|wp_id=82211|https://nigeria.mimusjobs.com/job/non-academic-administrative-staff/,2026-09-22T08:56:55.633882,2008,32
7d5b57521556a528,https://www.myjobmag.com/job/procurement-specialist-oilserv-limited-2,Procurement Specialist,posted|wp_id=26761|https://nigeria.mimusjobs.com/job/procurement-specialist/,2026-09-22T08:56:59.336902,2008,33
f12c18b484205940,https://www.myjobmag.com/job/school-cooks-and-caterers-lovebeams-educational-centre,School Cooks and Caterers,posted|wp_id=82219|https://nigeria.mimusjobs.com/job/school-cooks-and-caterers/,2026-09-22T08:57:07.016271,2008,34
750bbeb423f32f53,https://www.myjobmag.com/job/tax-associate-secom-limited,Tax Associate,posted|wp_id=52958|https://nigeria.mimusjobs.com/job/tax-associate/,2026-09-22T08:57:10.815442,2008,35
651c608ce467cb5b,https://www.myjobmag.com/job/accounting-executive-nomisma-olive-nigeria-limited,Accounting Executive,posted|wp_id=50705|https://nigeria.mimusjobs.com/job/accounting-executive/,2026-09-22T08:57:19.325254,2009,2
ac472f6f1c18b52f,https://www.myjobmag.com/job/head-of-commercial-solar-panel-manufacturing-t-o-n-corporate-services,Head of Commercial (Solar Panel Manufacturing),posted|wp_id=82237|https://nigeria.mimusjobs.com/job/head-of-commercial-solar-panel-manufacturing/,2026-09-22T08:57:24.740146,2009,3
585d3fea886589a5,https://www.myjobmag.com/job/growth-partnerships-lead-t-o-n-corporate-services-1,Growth & Partnerships Lead,posted|wp_id=82243|https://nigeria.mimusjobs.com/job/growth-partnerships-lead/,2026-09-22T08:57:27.856209,2009,3
789e6f8f07b73242,https://www.myjobmag.com/job/customer-experience-officer-solar-panel-manufacturing-t-o-n-corporate-services,Customer Experience Officer (Solar Panel Manufacturing),posted|wp_id=82245|https://nigeria.mimusjobs.com/job/customer-experience-officer-solar-panel-manufacturing/,2026-09-22T08:57:30.691584,2009,3
eeb7a28bf15667e3,https://www.myjobmag.com/job/brand-marketing-officer-solar-panel-manufacturing-t-o-n-corporate-services,Brand & Marketing Officer (Solar Panel Manufacturing),posted|wp_id=82249|https://nigeria.mimusjobs.com/job/brand-marketing-officer-solar-panel-manufacturing/,2026-09-22T08:57:33.736065,2009,3
a19df7881e6d847b,https://www.myjobmag.com/job/sales-executive-solar-panel-manufacturing-t-o-n-corporate-services,Sales Executive (Solar Panel Manufacturing),posted|wp_id=82251|https://nigeria.mimusjobs.com/job/sales-executive-solar-panel-manufacturing/,2026-09-22T08:57:36.663097,2009,3
ad24eefb4354c908,https://www.myjobmag.com/job/hr-manager-solar-panel-manufacturing-t-o-n-corporate-services,HR Manager (Solar Panel Manufacturing),posted|wp_id=82255|https://nigeria.mimusjobs.com/job/hr-manager-solar-panel-manufacturing/,2026-09-22T08:57:39.727340,2009,3
7967a43092353d10,https://www.myjobmag.com/job/hse-officer-solar-panel-manufacturing-t-o-n-corporate-services,HSE Officer (Solar Panel Manufacturing),posted|wp_id=82257|https://nigeria.mimusjobs.com/job/hse-officer-solar-panel-manufacturing/,2026-09-22T08:57:42.867590,2009,3
f9c74d335d9ef58a,https://www.myjobmag.com/job/di-machine-operator-ld-d-consulting,DI Machine Operator,posted|wp_id=82265|https://nigeria.mimusjobs.com/job/di-machine-operator/,2026-09-22T08:57:50.558852,2009,4
a329bbeb7f49d2d7,https://www.myjobmag.com/job/legal-manager-hive-hr,Legal Manager,posted|wp_id=35649|https://nigeria.mimusjobs.com/job/legal-manager/,2026-09-22T08:57:54.305928,2009,5
a8a20e50a89d2fdf,https://www.myjobmag.com/job/english-teacher-st-francis-catholic-secondary-school-1,English Teacher,posted|wp_id=29280|https://nigeria.mimusjobs.com/job/english-teacher/,2026-09-22T08:57:57.893954,2009,6
0e5b7915f82a8f50,https://www.myjobmag.com/job/base-administrative-manager-premiere-urgence-internationale-pui-2,Base Administrative Manager,posted|wp_id=82275|https://nigeria.mimusjobs.com/job/base-administrative-manager/,2026-09-22T08:58:04.070446,2009,7
e129705266d80a85,https://www.myjobmag.com/job/ender-based-violence-advisor-maiduguri-premiere-urgence-internationale-pui,Gender Based Violence Advisor-Maiduguri,posted|wp_id=82278|https://nigeria.mimusjobs.com/job/gender-based-violence-advisor-maiduguri/,2026-09-22T08:58:07.212146,2009,7
81940d8e143dd922,https://www.myjobmag.com/job/business-service-teamlead-garment-care-limited,Business Service Teamlead,posted|wp_id=82283|https://nigeria.mimusjobs.com/job/business-service-teamlead/,2026-09-22T08:58:12.953730,2009,8
a626f8740fc5c9b0,https://www.myjobmag.com/job/executive-assistant-maxima-productions-company-2,Executive Assistant,posted|wp_id=2569|https://nigeria.mimusjobs.com/job/executive-assistant/,2026-09-22T08:58:18.564173,2009,9
e3055eb224dd80f3,https://www.myjobmag.com/job/operations-lead-maxima-productions-company-1,Operations Lead,posted|wp_id=51237|https://nigeria.mimusjobs.com/job/operations-lead/,2026-09-22T08:58:20.062681,2009,9
2796b00fe1607542,https://www.myjobmag.com/job/company-secretary-kursi-investment-limited-1,Company Secretary,posted|wp_id=31819|https://nigeria.mimusjobs.com/job/company-secretary/,2026-09-22T08:58:25.377866,2009,10
290f6e3516728d65,https://www.myjobmag.com/job/sales-executive-aiico-2,Sales Executive,posted|wp_id=245|https://nigeria.mimusjobs.com/job/sales-executive/,2026-09-22T08:58:29.114053,2009,11
4be086f1312a7b21,https://www.myjobmag.com/job/full-stack-software-developer-circuit-pointe,Full Stack Software Developer,posted|wp_id=82303|https://nigeria.mimusjobs.com/job/full-stack-software-developer/,2026-09-22T08:58:36.727127,2009,12
f990d93918572ecb,https://www.myjobmag.com/job/business-development-manager-ascentech-services-limited-20,Business Development Manager,posted|wp_id=11687|https://nigeria.mimusjobs.com/job/business-development-manager/,2026-09-22T08:58:40.691189,2009,13
66c446ad50d900fb,https://www.myjobmag.com/job/marketing-and-sales-personnel,Marketing and Sales Personnel,posted|wp_id=73406|https://nigeria.mimusjobs.com/job/marketing-and-sales-personnel/,2026-09-22T08:58:43.091482,2009,14
a1d6a423b635107d,https://www.myjobmag.com/job/night-auditor-wells-carlton-hotel-apartments-1,Night Auditor,posted|wp_id=29558|https://nigeria.mimusjobs.com/job/night-auditor/,2026-09-22T08:58:46.964865,2009,15
5e27d3120ad314fc,https://www.myjobmag.com/job/corporate-lawyer-wells-carlton-hotel-apartments,Corporate Lawyer,posted|wp_id=43001|https://nigeria.mimusjobs.com/job/corporate-lawyer/,2026-09-22T08:58:48.605883,2009,15
d01b71c52a73d40b,https://www.myjobmag.com/job/tech-tutor,Tech Tutor.,posted|wp_id=82307|https://nigeria.mimusjobs.com/job/tech-tutor/,2026-09-22T08:58:52.017051,2009,16
f809ecc7fc1eedc0,https://www.myjobmag.com/job/head-of-chambers-eclat-hr-consulting,Head of Chambers,posted|wp_id=82312|https://nigeria.mimusjobs.com/job/head-of-chambers/,2026-09-22T08:58:57.709510,2009,17
fad9b725caae7719,https://www.myjobmag.com/job/officer-onboarding-subscription-stanbic-ibtc-asset-management-limited-stanbic-ibtc,"Officer, Onboarding & Subscription - Stanbic IBTC Asset Management Limited",posted|wp_id=82316|https://nigeria.mimusjobs.com/job/officer-onboarding-subscription-stanbic-ibtc-asset-management-limited/,2026-09-22T08:59:03.721996,2009,18
34f6e180943eb88a,https://www.myjobmag.com/job/officer-subscription-stanbic-ibtc-asset-management-limited-stanbic-ibtc,"Officer, Subscription - Stanbic IBTC Asset Management Limited",posted|wp_id=82320|https://nigeria.mimusjobs.com/job/officer-subscription-stanbic-ibtc-asset-management-limited/,2026-09-22T08:59:07.133815,2009,18
b72dcebcdcf96a60,https://www.myjobmag.com/job/officer-portfolio-insights-stanbic-ibtc,"Officer, Portfolio Insights",posted|wp_id=82323|https://nigeria.mimusjobs.com/job/officer-portfolio-insights/,2026-09-22T08:59:10.354739,2009,18
09b6e8ee2f833bc5,https://www.myjobmag.com/job/senior-wordpress-developer-punch-newspaper,Senior Wordpress Developer,posted|wp_id=82328|https://nigeria.mimusjobs.com/job/senior-wordpress-developer/,2026-09-22T08:59:16.417313,2009,19
27998beb520a9b42,https://www.myjobmag.com/job/premium-thread-operator-tenaris-2,Premium Thread Operator,posted|wp_id=82332|https://nigeria.mimusjobs.com/job/premium-thread-operator/,2026-09-22T08:59:22.298926,2009,20
951e37f01ece3da6,https://www.myjobmag.com/job/bmg-electrical-electronics-technician-tenaris-2,BMG Electrical / Electronics Technician,posted|wp_id=82334|https://nigeria.mimusjobs.com/job/bmg-electrical-electronics-technician/,2026-09-22T08:59:25.177683,2009,20
6aefee7d025d5447,https://www.myjobmag.com/job/premium-thread-inspector-tenaris-2,Premium Thread Inspector,posted|wp_id=82338|https://nigeria.mimusjobs.com/job/premium-thread-inspector/,2026-09-22T08:59:28.130750,2009,20
51c4c75109434d63,https://www.myjobmag.com/job/chef-domeo-resources-international-dri-5,Chef,posted|wp_id=3465|https://nigeria.mimusjobs.com/job/chef/,2026-09-22T08:59:31.844229,2009,21
7eda820aba9b4d67,https://www.myjobmag.com/job/commercial-coordinator-nestoil-plc,Commercial Coordinator,posted|wp_id=82342|https://nigeria.mimusjobs.com/job/commercial-coordinator/,2026-09-22T08:59:37.954756,2009,22
dbf4fed6427d30cd,https://www.myjobmag.com/job/it-security-analyst-nestoil-plc,IT Security Analyst,posted|wp_id=29389|https://nigeria.mimusjobs.com/job/it-security-analyst/,2026-09-22T08:59:39.312145,2009,22
e3f92c0a109ff792,https://www.myjobmag.com/job/assets-lead-nestoil-plc,Assets Lead,posted|wp_id=82344|https://nigeria.mimusjobs.com/job/assets-lead/,2026-09-22T08:59:42.607792,2009,22
abf2b1f99ede456e,https://www.myjobmag.com/job/factory-worker-production-staff-female-virgin-beauty-industries-limited,Factory Worker / Production Staff (Female),posted|wp_id=82350|https://nigeria.mimusjobs.com/job/factory-worker-production-staff-female/,2026-09-22T08:59:50.820071,2009,23
ddbd928fb23e8cab,https://www.myjobmag.com/job/driver-virgin-beauty-industries-limited-10,Driver,posted|wp_id=1929|https://nigeria.mimusjobs.com/job/driver/,2026-09-22T08:59:52.199404,2009,23
588c4266eb82a5ef,https://www.myjobmag.com/job/electrician-virgin-beauty-industries-limited,Electrician,posted|wp_id=16525|https://nigeria.mimusjobs.com/job/electrician/,2026-09-22T08:59:53.524431,2009,23
3e8a006482dc3034,https://www.myjobmag.com/job/first-last-mile-regional-manager-jumia-nigeria,First & Last Mile Regional Manager,posted|wp_id=82354|https://nigeria.mimusjobs.com/job/first-last-mile-regional-manager/,2026-09-22T09:00:00.110246,2009,24
03c2b834e5861c32,https://www.myjobmag.com/job/banking-relationship-manager-dangote,Banking Relationship Manager - Dangote Sugar Refinery Plc.,posted|wp_id=82357|https://nigeria.mimusjobs.com/job/banking-relationship-manager-dangote-sugar-refinery-plc/,2026-09-22T09:00:07.238419,2009,25
c6174d1cc3db1723,https://www.myjobmag.com/job/automation-instrumentation-control-engineer-dangote-3,"Automation, Instrumentation & Control Engineer",posted|wp_id=82360|https://nigeria.mimusjobs.com/job/automation-instrumentation-control-engineer/,2026-09-22T09:00:11.393281,2009,25
8c30ebf3ed5e8b9f,https://www.myjobmag.com/job/deputy-sectional-head-instrumentation-power-plant-dangote,"Deputy Sectional Head - Instrumentation, Power Plant",posted|wp_id=82362|https://nigeria.mimusjobs.com/job/deputy-sectional-head-instrumentation-power-plant/,2026-09-22T09:00:14.785468,2009,25
8fd0eb9f3332b6b4,https://www.myjobmag.com/job/sectional-head-production-dangote,Sectional Head Production,posted|wp_id=82366|https://nigeria.mimusjobs.com/job/sectional-head-production/,2026-09-22T09:00:18.427026,2009,25
cbfecbad4599fdde,https://www.myjobmag.com/job/primary-healthcare-phc-officer-save-the-children,Primary HealthCare (PHC) Officer,posted|wp_id=82368|https://nigeria.mimusjobs.com/job/primary-healthcare-phc-officer/,2026-09-22T09:00:23.416371,2009,26
61f09467bdc7018b,https://www.myjobmag.com/job/primary-healthcare-phc-coordinator-save-the-children,Primary HealthCare (PHC) Coordinator,posted|wp_id=82372|https://nigeria.mimusjobs.com/job/primary-healthcare-phc-coordinator/,2026-09-22T09:00:26.544373,2009,26
1bc7acaa8a2a7990,https://www.myjobmag.com/job/legal-manager-pz-cussons,Legal Manager,posted|wp_id=35649|https://nigeria.mimusjobs.com/job/legal-manager/,2026-09-22T09:00:30.813819,2009,27
a77f5e13e7d39ddc,https://www.myjobmag.com/job/in-house-design-project-architect-globalclique,In-House Design / Project Architect,posted|wp_id=82378|https://nigeria.mimusjobs.com/job/in-house-design-project-architect/,2026-09-22T09:00:37.044485,2009,28
0f07b40a921d033f,https://www.myjobmag.com/job/experienced-administrative-executive-secretary-globalclique,Experienced Administrative Executive / Secretary,posted|wp_id=82383|https://nigeria.mimusjobs.com/job/experienced-administrative-executive-secretary/,2026-09-22T09:00:40.914548,2009,28
c2ed083d9f580fda,https://www.myjobmag.com/job/mathematics-teacher-primewill-city-college-5,Mathematics Teacher,posted|wp_id=687|https://nigeria.mimusjobs.com/job/mathematics-teacher/,2026-09-22T09:00:46.487584,2009,29
709daeba96e8ec59,https://www.myjobmag.com/job/physics-teacher-primewill-city-college-3,Physics Teacher,posted|wp_id=7413|https://nigeria.mimusjobs.com/job/physics-teacher/,2026-09-22T09:00:47.955986,2009,29
3d40eb008c906a8a,https://www.myjobmag.com/job/vice-principal-primewill-city-college-1,Vice Principal,posted|wp_id=33757|https://nigeria.mimusjobs.com/job/vice-principal/,2026-09-22T09:00:49.340486,2009,29
e0c0a800ed4f6cc6,https://www.myjobmag.com/job/chemistry-teacher-primewill-city-college-5,Chemistry Teacher,posted|wp_id=26730|https://nigeria.mimusjobs.com/job/chemistry-teacher/,2026-09-22T09:00:50.703618,2009,29
a8541f61790c3346,https://www.myjobmag.com/job/regional-technical-expert-dry-end-machines-international-breweries,Regional Technical Expert - Dry End Machines,posted|wp_id=82392|https://nigeria.mimusjobs.com/job/regional-technical-expert-dry-end-machines/,2026-09-22T09:00:55.952455,2009,30
e6e99686def945eb,https://www.myjobmag.com/job/regional-technical-expert-control-automation-international-breweries,Regional Technical Expert - Control & Automation,posted|wp_id=82394|https://nigeria.mimusjobs.com/job/regional-technical-expert-control-automation/,2026-09-22T09:00:59.228919,2009,30
bab10fdf13ac8954,https://www.myjobmag.com/job/engineer-vas-messaging-operations-mtn,Engineer - VAS Messaging Operations,posted|wp_id=82400|https://nigeria.mimusjobs.com/job/engineer-vas-messaging-operations/,2026-09-22T09:01:05.073158,2009,31
afed0dc65e917a7e,https://www.myjobmag.com/job/program-support-assistant-biz-afric-solutions-1,Program Support Assistant,posted|wp_id=82405|https://nigeria.mimusjobs.com/job/program-support-assistant/,2026-09-22T09:01:11.245680,2009,32
00ea5ea4f350a641,https://www.myjobmag.com/job/integrated-marketing-content-lead-biz-afric-solutions-2,Integrated Marketing & Content Lead,posted|wp_id=82408|https://nigeria.mimusjobs.com/job/integrated-marketing-content-lead/,2026-09-22T09:01:14.805737,2009,32
14c46aacdea7372a,https://www.myjobmag.com/job/senior-mud-engineer-funtay-global-resources-ltd,Senior Mud Engineer,posted|wp_id=42476|https://nigeria.mimusjobs.com/job/senior-mud-engineer/,2026-09-22T09:01:18.554886,2009,33
70654baf3a2d8b96,https://www.myjobmag.com/job/mud-engineer-funtay-global-resources-ltd,Mud Engineer,posted|wp_id=82411|https://nigeria.mimusjobs.com/job/mud-engineer/,2026-09-22T09:01:22.233765,2009,33
f68cfe12e663cc19,https://www.myjobmag.com/job/drilling-supervisor-funtay-global-resources-ltd,Drilling Supervisor,posted|wp_id=41738|https://nigeria.mimusjobs.com/job/drilling-supervisor/,2026-09-22T09:01:23.627008,2009,33
079d0ba6f3039b34,https://www.myjobmag.com/job/business-development-executive-mactavis-technologies-ltd,Business Development Executive,posted|wp_id=20431|https://nigeria.mimusjobs.com/job/business-development-executive/,2026-09-22T09:01:29.027429,2009,34
a106be16070a3106,https://www.myjobmag.com/job/monitoring-evaluation-officer-west-african-soy-industries-limited,Monitoring & Evaluation Officer,posted|wp_id=45589|https://nigeria.mimusjobs.com/job/monitoring-evaluation-officer/,2026-09-22T09:01:32.811535,2009,35
cf300333b19b7a59,https://www.myjobmag.com/job/deputy-manager-hr-outsourcing-centre-for-research-in-enterprise-and-action-in-management-crem-nigeria,Deputy Manager HR Outsourcing,posted|wp_id=82423|https://nigeria.mimusjobs.com/job/deputy-manager-hr-outsourcing/,2026-09-22T09:01:44.194130,2010,1
43ebe600b45c5bc2,https://www.myjobmag.com/job/it-support-technician,IT Support Technician,posted|wp_id=82424|https://nigeria.mimusjobs.com/job/it-support-technician/,2026-09-22T09:01:47.839017,2010,2
1da020e5569bf5e8,https://www.myjobmag.com/job/social-science-research-manager-alliance-for-international-medical-action-alima-1,Social Science Research Manager,posted|wp_id=82426|https://nigeria.mimusjobs.com/job/social-science-research-manager/,2026-09-22T09:01:53.609008,2010,3
d1f4082f0ca22a76,https://www.myjobmag.com/job/medical-officer-daniel-adewole-awe-medical-center-daamc-6,Medical Officer,posted|wp_id=519|https://nigeria.mimusjobs.com/job/medical-officer/,2026-09-22T09:01:57.440315,2010,4
564eaeaf27dd121f,https://www.myjobmag.com/job/diesel-clerk-trucrete-solutions-limited,Diesel Clerk,posted|wp_id=82428|https://nigeria.mimusjobs.com/job/diesel-clerk/,2026-09-22T09:02:03.337489,2010,5
89a643de7f560e13,https://www.myjobmag.com/job/electrical-technician-olam-agri,Electrical Technician,posted|wp_id=20660|https://nigeria.mimusjobs.com/job/electrical-technician/,2026-09-22T09:02:07.095879,2010,6
a79e5d68eff0486d,https://www.myjobmag.com/job/solution-engineer-ai-copilot-microsoft,Solution Engineer - (AI Copilot),posted|wp_id=82432|https://nigeria.mimusjobs.com/job/solution-engineer-ai-copilot/,2026-09-22T09:02:12.844864,2010,7
62a8a4408ed55665,https://www.myjobmag.com/job/demi-chef-de-partie-marriott-international-inc-8,Demi Chef de Partie,posted|wp_id=41260|https://nigeria.mimusjobs.com/job/demi-chef-de-partie/,2026-09-22T09:02:16.470894,2010,8
bc1bf734126a6c3f,https://www.myjobmag.com/job/tender-manager-drilling-and-completions-fluids-baker-hughes,Tender Manager - Drilling and Completions Fluids,posted|wp_id=21611|https://nigeria.mimusjobs.com/job/tender-manager-drilling-and-completions-fluids/,2026-09-22T09:02:19.838677,2010,9
ab3aa454c877cef5,https://www.myjobmag.com/job/head-of-operations-fashion-retail-hrleverage-africa,Head of Operations - Fashion Retail,posted|wp_id=82436|https://nigeria.mimusjobs.com/job/head-of-operations-fashion-retail/,2026-09-22T09:02:25.369202,2010,10
b246b0d8c2144749,https://www.myjobmag.com/job/plumber-wells-carlton-hotel-apartments,Plumber,posted|wp_id=28654|https://nigeria.mimusjobs.com/job/plumber/,2026-09-22T09:02:28.837772,2010,11
e46316ef6d007881,https://www.myjobmag.com/job/credit-risk-officer-pennylender-limited-3,Credit Risk Officer,posted|wp_id=22245|https://nigeria.mimusjobs.com/job/credit-risk-officer/,2026-09-22T09:02:34.394114,2010,12
8c48d7c49050fdf1,https://www.myjobmag.com/job/hr-manager-vestates-limited,HR Manager,posted|wp_id=19134|https://nigeria.mimusjobs.com/job/hr-manager/,2026-09-22T09:02:38.247838,2010,13
99efa18297b58727,https://www.myjobmag.com/job/data-analyst-resource-intermediaries-limited,Data Analyst,posted|wp_id=22833|https://nigeria.mimusjobs.com/job/data-analyst/,2026-09-22T09:02:42.139275,2010,14
d9e621e86e15a8f7,https://www.myjobmag.com/job/accounting-executive-western-buckland-nigeria-limited,Accounting Executive,posted|wp_id=50705|https://nigeria.mimusjobs.com/job/accounting-executive/,2026-09-22T09:02:47.870098,2010,15
246a9d6567fc03cc,https://www.myjobmag.com/job/storekeeper-sevan-construction-nigeria-limited-1,Storekeeper,posted|wp_id=18710|https://nigeria.mimusjobs.com/job/storekeeper/,2026-09-22T09:02:51.676796,2010,16
0b42d5a3d037f6a3,https://www.myjobmag.com/job/officer-onboarding-subscription-stanbic-ibtc,"Officer, Onboarding & Subscription",posted|wp_id=82452|https://nigeria.mimusjobs.com/job/officer-onboarding-subscription/,2026-09-22T09:02:57.353877,2010,17
d83d099b48159457,https://www.myjobmag.com/job/officer-subscription-stanbic-ibtc,"Officer, Subscription",posted|wp_id=82456|https://nigeria.mimusjobs.com/job/officer-subscription/,2026-09-22T09:03:00.598538,2010,17
f2ccda5cc4bd8bd3,https://www.myjobmag.com/job/officer-portfolio-insight-stanbic-ibtc,"Officer, Portfolio Insight",posted|wp_id=82458|https://nigeria.mimusjobs.com/job/officer-portfolio-insight/,2026-09-22T09:03:04.068045,2010,17
19ab071327dcad87,https://www.myjobmag.com/job/data-entry-operator-medecins-sans-frontieres-7,Data Entry Operator,posted|wp_id=72676|https://nigeria.mimusjobs.com/job/data-entry-operator/,2026-09-22T09:03:07.861702,2010,18
2f36cbbdb55d6e8c,https://www.myjobmag.com/job/amr-data-entry-operator-antimicrobial-resistance-medecins-sans-frontieres,AMR Data Entry Operator (Antimicrobial Resistance),posted|wp_id=82462|https://nigeria.mimusjobs.com/job/amr-data-entry-operator-antimicrobial-resistance/,2026-09-22T09:03:11.079051,2010,18
